Time,SPACE1-1:IND_CHENNAI ANNUAL HEATING 99% DESIGN CONDITIONS DB:Des Heat Load [W],SPACE1-1:IND_CHENNAI ANNUAL COOLING 1% DESIGN CONDITIONS DB/MCWB:Des Sens Cool Load [W],SPACE1-1:IND_CHENNAI ANNUAL HEATING 99% DESIGN CONDITIONS DB:Des Heat Mass Flow [kg/s],SPACE1-1:IND_CHENNAI ANNUAL COOLING 1% DESIGN CONDITIONS DB/MCWB:Des Cool Mass Flow [kg/s],SPACE1-1::Des Latent Heat Load [W],SPACE1-1::Des Latent Cool Load [W],SPACE1-1::Des Latent Heat Mass Flow [kg/s],SPACE1-1::Des Latent Cool Mass Flow [kg/s],SPACE1-1::Des Heat Load No DOAS [W],SPACE1-1::Des Sens Cool Load No DOAS [W],SPACE1-1::Des Latent Heat Load No DOAS [W],SPACE1-1::Des Latent Cool Load No DOAS [W],SPACE1-1:IND_CHENNAI ANNUAL HEATING 99% DESIGN CONDITIONS DB:Heating Zone Temperature [C],SPACE1-1:IND_CHENNAI ANNUAL HEATING 99% DESIGN CONDITIONS DB:Heating Zone Relative Humidity [%],SPACE1-1:IND_CHENNAI ANNUAL COOLING 1% DESIGN CONDITIONS DB/MCWB:Cooling Zone Temperature [C],SPACE1-1:IND_CHENNAI ANNUAL COOLING 1% DESIGN CONDITIONS DB/MCWB:Cooling Zone Relative Humidity [%],SPACE2-1:IND_CHENNAI ANNUAL HEATING 99% DESIGN CONDITIONS DB:Des Heat Load [W],SPACE2-1:IND_CHENNAI ANNUAL COOLING 1% DESIGN CONDITIONS DB/MCWB:Des Sens Cool Load [W],SPACE2-1:IND_CHENNAI ANNUAL HEATING 99% DESIGN CONDITIONS DB:Des Heat Mass Flow [kg/s],SPACE2-1:IND_CHENNAI ANNUAL COOLING 1% DESIGN CONDITIONS DB/MCWB:Des Cool Mass Flow [kg/s],SPACE2-1::Des Latent Heat Load [W],SPACE2-1::Des Latent Cool Load [W],SPACE2-1::Des Latent Heat Mass Flow [kg/s],SPACE2-1::Des Latent Cool Mass Flow [kg/s],SPACE2-1::Des Heat Load No DOAS [W],SPACE2-1::Des Sens Cool Load No DOAS [W],SPACE2-1::Des Latent Heat Load No DOAS [W],SPACE2-1::Des Latent Cool Load No DOAS [W],SPACE2-1:IND_CHENNAI ANNUAL HEATING 99% DESIGN CONDITIONS DB:Heating Zone Temperature [C],SPACE2-1:IND_CHENNAI ANNUAL HEATING 99% DESIGN CONDITIONS DB:Heating Zone Relative Humidity [%],SPACE2-1:IND_CHENNAI ANNUAL COOLING 1% DESIGN CONDITIONS DB/MCWB:Cooling Zone Temperature [C],SPACE2-1:IND_CHENNAI ANNUAL COOLING 1% DESIGN CONDITIONS DB/MCWB:Cooling Zone Relative Humidity [%],SPACE3-1:IND_CHENNAI ANNUAL HEATING 99% DESIGN CONDITIONS DB:Des Heat Load [W],SPACE3-1:IND_CHENNAI ANNUAL COOLING 1% DESIGN CONDITIONS DB/MCWB:Des Sens Cool Load [W],SPACE3-1:IND_CHENNAI ANNUAL HEATING 99% DESIGN CONDITIONS DB:Des Heat Mass Flow [kg/s],SPACE3-1:IND_CHENNAI ANNUAL COOLING 1% DESIGN CONDITIONS DB/MCWB:Des Cool Mass Flow [kg/s],SPACE3-1::Des Latent Heat Load [W],SPACE3-1::Des Latent Cool Load [W],SPACE3-1::Des Latent Heat Mass Flow [kg/s],SPACE3-1::Des Latent Cool Mass Flow [kg/s],SPACE3-1::Des Heat Load No DOAS [W],SPACE3-1::Des Sens Cool Load No DOAS [W],SPACE3-1::Des Latent Heat Load No DOAS [W],SPACE3-1::Des Latent Cool Load No DOAS [W],SPACE3-1:IND_CHENNAI ANNUAL HEATING 99% DESIGN CONDITIONS DB:Heating Zone Temperature [C],SPACE3-1:IND_CHENNAI ANNUAL HEATING 99% DESIGN CONDITIONS DB:Heating Zone Relative Humidity [%],SPACE3-1:IND_CHENNAI ANNUAL COOLING 1% DESIGN CONDITIONS DB/MCWB:Cooling Zone Temperature [C],SPACE3-1:IND_CHENNAI ANNUAL COOLING 1% DESIGN CONDITIONS DB/MCWB:Cooling Zone Relative Humidity [%],SPACE4-1:IND_CHENNAI ANNUAL HEATING 99% DESIGN CONDITIONS DB:Des Heat Load [W],SPACE4-1:IND_CHENNAI ANNUAL COOLING 1% DESIGN CONDITIONS DB/MCWB:Des Sens Cool Load [W],SPACE4-1:IND_CHENNAI ANNUAL HEATING 99% DESIGN CONDITIONS DB:Des Heat Mass Flow [kg/s],SPACE4-1:IND_CHENNAI ANNUAL COOLING 1% DESIGN CONDITIONS DB/MCWB:Des Cool Mass Flow [kg/s],SPACE4-1::Des Latent Heat Load [W],SPACE4-1::Des Latent Cool Load [W],SPACE4-1::Des Latent Heat Mass Flow [kg/s],SPACE4-1::Des Latent Cool Mass Flow [kg/s],SPACE4-1::Des Heat Load No DOAS [W],SPACE4-1::Des Sens Cool Load No DOAS [W],SPACE4-1::Des Latent Heat Load No DOAS [W],SPACE4-1::Des Latent Cool Load No DOAS [W],SPACE4-1:IND_CHENNAI ANNUAL HEATING 99% DESIGN CONDITIONS DB:Heating Zone Temperature [C],SPACE4-1:IND_CHENNAI ANNUAL HEATING 99% DESIGN CONDITIONS DB:Heating Zone Relative Humidity [%],SPACE4-1:IND_CHENNAI ANNUAL COOLING 1% DESIGN CONDITIONS DB/MCWB:Cooling Zone Temperature [C],SPACE4-1:IND_CHENNAI ANNUAL COOLING 1% DESIGN CONDITIONS DB/MCWB:Cooling Zone Relative Humidity [%],SPACE5-1:IND_CHENNAI ANNUAL HEATING 99% DESIGN CONDITIONS DB:Des Heat Load [W],SPACE5-1:IND_CHENNAI ANNUAL COOLING 1% DESIGN CONDITIONS DB/MCWB:Des Sens Cool Load [W],SPACE5-1:IND_CHENNAI ANNUAL HEATING 99% DESIGN CONDITIONS DB:Des Heat Mass Flow [kg/s],SPACE5-1:IND_CHENNAI ANNUAL COOLING 1% DESIGN CONDITIONS DB/MCWB:Des Cool Mass Flow [kg/s],SPACE5-1::Des Latent Heat Load [W],SPACE5-1::Des Latent Cool Load [W],SPACE5-1::Des Latent Heat Mass Flow [kg/s],SPACE5-1::Des Latent Cool Mass Flow [kg/s],SPACE5-1::Des Heat Load No DOAS [W],SPACE5-1::Des Sens Cool Load No DOAS [W],SPACE5-1::Des Latent Heat Load No DOAS [W],SPACE5-1::Des Latent Cool Load No DOAS [W],SPACE5-1:IND_CHENNAI ANNUAL HEATING 99% DESIGN CONDITIONS DB:Heating Zone Temperature [C],SPACE5-1:IND_CHENNAI ANNUAL HEATING 99% DESIGN CONDITIONS DB:Heating Zone Relative Humidity [%],SPACE5-1:IND_CHENNAI ANNUAL COOLING 1% DESIGN CONDITIONS DB/MCWB:Cooling Zone Temperature [C],SPACE5-1:IND_CHENNAI ANNUAL COOLING 1% DESIGN CONDITIONS DB/MCWB:Cooling Zone Relative Humidity [%]
00:15:00,6.306064E+02,0.000000E+00,2.240944E-02,0.000000E+00,0.000000E+00,0.000000E+00,0.000000E+00,0.000000E+00,0.000000E+00,0.000000E+00,0.000000E+00,0.000000E+00,2.220104E+01,3.182751E+01,2.345050E+01,4.991508E+01,2.873044E+02,0.000000E+00,1.020973E-02,0.000000E+00,0.000000E+00,0.000000E+00,0.000000E+00,0.000000E+00,0.000000E+00,0.000000E+00,0.000000E+00,0.000000E+00,2.220101E+01,3.159395E+01,2.336329E+01,5.040681E+01,6.364026E+02,0.000000E+00,2.261543E-02,0.000000E+00,0.000000E+00,0.000000E+00,0.000000E+00,0.000000E+00,0.000000E+00,0.000000E+00,0.000000E+00,0.000000E+00,2.220106E+01,3.177440E+01,2.338327E+01,5.032793E+01,2.873044E+02,0.000000E+00,1.020973E-02,0.000000E+00,0.000000E+00,0.000000E+00,0.000000E+00,0.000000E+00,0.000000E+00,0.000000E+00,0.000000E+00,0.000000E+00,2.220101E+01,3.159395E+01,2.342469E+01,4.923724E+01,7.920483E+02,0.000000E+00,2.814655E-02,0.000000E+00,0.000000E+00,0.000000E+00,0.000000E+00,0.000000E+00,0.000000E+00,0.000000E+00,0.000000E+00,0.000000E+00,2.220110E+01,3.455307E+01,2.258887E+01,5.807132E+01
00:30:00,6.306064E+02,0.000000E+00,2.240944E-02,0.000000E+00,0.000000E+00,0.000000E+00,0.000000E+00,0.000000E+00,0.000000E+00,0.000000E+00,0.000000E+00,0.000000E+00,2.220104E+01,3.182751E+01,2.338876E+01,5.010136E+01,2.873044E+02,0.000000E+00,1.020973E-02,0.000000E+00,0.000000E+00,0.000000E+00,0.000000E+00,0.000000E+00,0.000000E+00,0.000000E+00,0.000000E+00,0.000000E+00,2.220101E+01,3.159395E+01,2.330294E+01,5.059084E+01,6.364026E+02,0.000000E+00,2.261543E-02,0.000000E+00,0.000000E+00,0.000000E+00,0.000000E+00,0.000000E+00,0.000000E+00,0.000000E+00,0.000000E+00,0.000000E+00,2.220106E+01,3.177440E+01,2.332109E+01,5.051719E+01,2.873044E+02,0.000000E+00,1.020973E-02,0.000000E+00,0.000000E+00,0.000000E+00,0.000000E+00,0.000000E+00,0.000000E+00,0.000000E+00,0.000000E+00,0.000000E+00,2.220101E+01,3.159395E+01,2.335741E+01,4.943755E+01,7.920483E+02,0.000000E+00,2.814655E-02,0.000000E+00,0.000000E+00,0.000000E+00,0.000000E+00,0.000000E+00,0.000000E+00,0.000000E+00,0.000000E+00,0.000000E+00,2.220110E+01,3.455307E+01,2.254024E+01,5.824307E+01
00:45:00,6.306064E+02,0.000000E+00,2.240944E-02,0.000000E+00,0.000000E+00,0.000000E+00,0.000000E+00,0.000000E+00,0.000000E+00,0.000000E+00,0.000000E+00,0.000000E+00,2.220104E+01,3.182751E+01,2.332854E+01,5.028382E+01,2.873044E+02,0.000000E+00,1.020973E-02,0.000000E+00,0.000000E+00,0.000000E+00,0.000000E+00,0.000000E+00,0.000000E+00,0.000000E+00,0.000000E+00,0.000000E+00,2.220101E+01,3.159395E+01,2.324397E+01,5.077136E+01,6.364026E+02,0.000000E+00,2.261543E-02,0.000000E+00,0.000000E+00,0.000000E+00,0.000000E+00,0.000000E+00,0.000000E+00,0.000000E+00,0.000000E+00,0.000000E+00,2.220106E+01,3.177440E+01,2.326056E+01,5.070220E+01,2.873044E+02,0.000000E+00,1.020973E-02,0.000000E+00,0.000000E+00,0.000000E+00,0.000000E+00,0.000000E+00,0.000000E+00,0.000000E+00,0.000000E+00,0.000000E+00,2.220101E+01,3.159395E+01,2.329210E+01,4.963291E+01,7.920483E+02,0.000000E+00,2.814655E-02,0.000000E+00,0.000000E+00,0.000000E+00,0.000000E+00,0.000000E+00,0.000000E+00,0.000000E+00,0.000000E+00,0.000000E+00,2.220110E+01,3.455307E+01,2.249347E+01,5.840881E+01
01:00:00,6.306064E+02,0.000000E+00,2.240944E-02,0.000000E+00,0.000000E+00,0.000000E+00,0.000000E+00,0.000000E+00,0.000000E+00,0.000000E+00,0.000000E+00,0.000000E+00,2.220104E+01,3.182751E+01,2.326963E+01,5.046306E+01,2.873044E+02,0.000000E+00,1.020973E-02,0.000000E+00,0.000000E+00,0.000000E+00,0.000000E+00,0.000000E+00,0.000000E+00,0.000000E+00,0.000000E+00,0.000000E+00,2.220101E+01,3.159395E+01,2.318623E+01,5.094883E+01,6.364026E+02,0.000000E+00,2.261543E-02,0.000000E+00,0.000000E+00,0.000000E+00,0.000000E+00,0.000000E+00,0.000000E+00,0.000000E+00,0.000000E+00,0.000000E+00,2.220106E+01,3.177440E+01,2.320146E+01,5.088361E+01,2.873044E+02,0.000000E+00,1.020973E-02,0.000000E+00,0.000000E+00,0.000000E+00,0.000000E+00,0.000000E+00,0.000000E+00,0.000000E+00,0.000000E+00,0.000000E+00,2.220101E+01,3.159395E+01,2.322862E+01,4.982361E+01,7.920483E+02,0.000000E+00,2.814655E-02,0.000000E+00,0.000000E+00,0.000000E+00,0.000000E+00,0.000000E+00,0.000000E+00,0.000000E+00,0.000000E+00,0.000000E+00,2.220110E+01,3.455307E+01,2.244843E+01,5.856891E+01
01:15:00,6.306064E+02,0.000000E+00,2.240944E-02,0.000000E+00,0.000000E+00,0.000000E+00,0.000000E+00,0.000000E+00,0.000000E+00,0.000000E+00,0.000000E+00,0.000000E+00,2.220104E+01,3.182751E+01,2.321188E+01,5.063944E+01,2.873044E+02,0.000000E+00,1.020973E-02,0.000000E+00,0.000000E+00,0.000000E+00,0.000000E+00,0.000000E+00,0.000000E+00,0.000000E+00,0.000000E+00,0.000000E+00,2.220101E+01,3.159395E+01,2.312965E+01,5.112342E+01,6.364026E+02,0.000000E+00,2.261543E-02,0.000000E+00,0.000000E+00,0.000000E+00,0.000000E+00,0.000000E+00,0.000000E+00,0.000000E+00,0.000000E+00,0.000000E+00,2.220106E+01,3.177440E+01,2.314363E+01,5.106180E+01,2.873044E+02,0.000000E+00,1.020973E-02,0.000000E+00,0.000000E+00,0.000000E+00,0.000000E+00,0.000000E+00,0.000000E+00,0.000000E+00,0.000000E+00,0.000000E+00,2.220101E+01,3.159395E+01,2.316688E+01,5.000987E+01,7.920483E+02,0.000000E+00,2.814655E-02,0.000000E+00,0.000000E+00,0.000000E+00,0.000000E+00,0.000000E+00,0.000000E+00,0.000000E+00,0.000000E+00,0.000000E+00,2.220110E+01,3.455307E+01,2.240503E+01,5.872367E+01
01:30:00,6.306064E+02,0.000000E+00,2.240944E-02,0.000000E+00,0.000000E+00,0.000000E+00,0.000000E+00,0.000000E+00,0.000000E+00,0.000000E+00,0.000000E+00,0.000000E+00,2.220104E+01,3.182751E+01,2.315705E+01,5.080755E+01,2.873044E+02,0.000000E+00,1.020973E-02,0.000000E+00,0.000000E+00,0.000000E+00,0.000000E+00,0.000000E+00,0.000000E+00,0.000000E+00,0.000000E+00,0.000000E+00,2.220101E+01,3.159395E+01,2.307555E+01,5.129097E+01,6.364026E+02,0.000000E+00,2.261543E-02,0.000000E+00,0.000000E+00,0.000000E+00,0.000000E+00,0.000000E+00,0.000000E+00,0.000000E+00,0.000000E+00,0.000000E+00,2.220106E+01,3.177440E+01,2.308870E+01,5.123172E+01,2.873044E+02,0.000000E+00,1.020973E-02,0.000000E+00,0.000000E+00,0.000000E+00,0.000000E+00,0.000000E+00,0.000000E+00,0.000000E+00,0.000000E+00,0.000000E+00,2.220101E+01,3.159395E+01,2.310819E+01,5.018766E+01,7.920483E+02,0.000000E+00,2.814655E-02,0.000000E+00,0.000000E+00,0.000000E+00,0.000000E+00,0.000000E+00,0.000000E+00,0.000000E+00,0.000000E+00,0.000000E+00,2.220110E+01,3.455307E+01,2.236318E+01,5.887334E+01
01:45:00,6.306064E+02,0.000000E+00,2.240944E-02,0.000000E+00,0.000000E+00,0.000000E+00,0.000000E+00,0.000000E+00,0.000000E+00,0.000000E+00,0.000000E+00,0.000000E+00,2.220104E+01,3.182751E+01,2.310484E+01,5.096820E+01,2.873044E+02,0.000000E+00,1.020973E-02,0.000000E+00,0.000000E+00,0.000000E+00,0.000000E+00,0.000000E+00,0.000000E+00,0.000000E+00,0.000000E+00,0.000000E+00,2.220101E+01,3.159395E+01,2.302368E+01,5.145220E+01,6.364026E+02,0.000000E+00,2.261543E-02,0.000000E+00,0.000000E+00,0.000000E+00,0.000000E+00,0.000000E+00,0.000000E+00,0.000000E+00,0.000000E+00,0.000000E+00,2.220106E+01,3.177440E+01,2.303638E+01,5.139414E+01,2.873044E+02,0.000000E+00,1.020973E-02,0.000000E+00,0.000000E+00,0.000000E+00,0.000000E+00,0.000000E+00,0.000000E+00,0.000000E+00,0.000000E+00,0.000000E+00,2.220101E+01,3.159395E+01,2.305224E+01,5.035781E+01,7.920483E+02,0.000000E+00,2.814655E-02,0.000000E+00,0.000000E+00,0.000000E+00,0.000000E+00,0.000000E+00,0.000000E+00,0.000000E+00,0.000000E+00,0.000000E+00,2.220110E+01,3.455307E+01,2.232282E+01,5.901807E+01
02:00:00,6.306064E+02,0.000000E+00,2.240944E-02,0.000000E+00,0.000000E+00,0.000000E+00,0.000000E+00,0.000000E+00,0.000000E+00,0.000000E+00,0.000000E+00,0.000000E+00,2.220104E+01,3.182751E+01,2.305453E+01,5.112357E+01,2.873044E+02,0.000000E+00,1.020973E-02,0.000000E+00,0.000000E+00,0.000000E+00,0.000000E+00,0.000000E+00,0.000000E+00,0.000000E+00,0.000000E+00,0.000000E+00,2.220101E+01,3.159395E+01,2.297351E+01,5.160869E+01,6.364026E+02,0.000000E+00,2.261543E-02,0.000000E+00,0.000000E+00,0.000000E+00,0.000000E+00,0.000000E+00,0.000000E+00,0.000000E+00,0.000000E+00,0.000000E+00,2.220106E+01,3.177440E+01,2.298598E+01,5.155116E+01,2.873044E+02,0.000000E+00,1.020973E-02,0.000000E+00,0.000000E+00,0.000000E+00,0.000000E+00,0.000000E+00,0.000000E+00,0.000000E+00,0.000000E+00,0.000000E+00,2.220101E+01,3.159395E+01,2.299847E+01,5.052195E+01,7.920483E+02,0.000000E+00,2.814655E-02,0.000000E+00,0.000000E+00,0.000000E+00,0.000000E+00,0.000000E+00,0.000000E+00,0.000000E+00,0.000000E+00,0.000000E+00,2.220110E+01,3.455307E+01,2.228391E+01,5.915797E+01
02:15:00,6.306064E+02,0.000000E+00,2.240944E-02,0.000000E+00,0.000000E+00,0.000000E+00,0.000000E+00,0.000000E+00,0.000000E+00,0.000000E+00,0.000000E+00,0.000000E+00,2.220104E+01,3.182751E+01,2.300576E+01,5.127467E+01,2.873044E+02,0.000000E+00,1.020973E-02,0.000000E+00,0.000000E+00,0.000000E+00,0.000000E+00,0.000000E+00,0.000000E+00,0.000000E+00,0.000000E+00,0.000000E+00,2.220101E+01,3.159395E+01,2.292484E+01,5.176101E+01,6.364026E+02,0.000000E+00,2.261543E-02,0.000000E+00,0.000000E+00,0.000000E+00,0.000000E+00,0.000000E+00,0.000000E+00,0.000000E+00,0.000000E+00,0.000000E+00,2.220106E+01,3.177440E+01,2.293717E+01,5.170375E+01,2.873044E+02,0.000000E+00,1.020973E-02,0.000000E+00,0.000000E+00,0.000000E+00,0.000000E+00,0.000000E+00,0.000000E+00,0.000000E+00,0.000000E+00,0.000000E+00,2.220101E+01,3.159395E+01,2.294663E+01,5.068077E+01,7.920483E+02,0.000000E+00,2.814655E-02,0.000000E+00,0.000000E+00,0.000000E+00,0.000000E+00,0.000000E+00,0.000000E+00,0.000000E+00,0.000000E+00,0.000000E+00,2.220110E+01,3.455307E+01,2.224642E+01,5.929314E+01
02:30:00,6.306064E+02,0.000000E+00,2.240944E-02,0.000000E+00,0.000000E+00,0.000000E+00,0.000000E+00,0.000000E+00,0.000000E+00,0.000000E+00,0.000000E+00,0.000000E+00,2.220104E+01,3.182751E+01,2.295927E+01,5.141920E+01,2.873044E+02,0.000000E+00,1.020973E-02,0.000000E+00,0.000000E+00,0.000000E+00,0.000000E+00,0.000000E+00,0.000000E+00,0.000000E+00,0.000000E+00,0.000000E+00,2.220101E+01,3.159395E+01,2.287827E+01,5.190725E+01,6.364026E+02,0.000000E+00,2.261543E-02,0.000000E+00,0.000000E+00,0.000000E+00,0.000000E+00,0.000000E+00,0.000000E+00,0.000000E+00,0.000000E+00,0.000000E+00,2.220106E+01,3.177440E+01,2.289062E+01,5.184974E+01,2.873044E+02,0.000000E+00,1.020973E-02,0.000000E+00,0.000000E+00,0.000000E+00,0.000000E+00,0.000000E+00,0.000000E+00,0.000000E+00,0.000000E+00,0.000000E+00,2.220101E+01,3.159395E+01,2.289727E+01,5.083251E+01,7.920483E+02,0.000000E+00,2.814655E-02,0.000000E+00,0.000000E+00,0.000000E+00,0.000000E+00,0.000000E+00,0.000000E+00,0.000000E+00,0.000000E+00,0.000000E+00,2.220110E+01,3.455307E+01,2.221041E+01,5.942329E+01
02:45:00,6.306064E+02,0.000000E+00,2.240944E-02,0.000000E+00,0.000000E+00,0.000000E+00,0.000000E+00,0.000000E+00,0.000000E+00,0.000000E+00,0.000000E+00,0.000000E+00,2.220104E+01,3.182751E+01,2.291497E+01,5.155734E+01,2.873044E+02,0.000000E+00,1.020973E-02,0.000000E+00,0.000000E+00,0.000000E+00,0.000000E+00,0.000000E+00,0.000000E+00,0.000000E+00,0.000000E+00,0.000000E+00,2.220101E+01,3.159395E+01,2.283371E+01,5.204761E+01,6.364026E+02,0.000000E+00,2.261543E-02,0.000000E+00,0.000000E+00,0.000000E+00,0.000000E+00,0.000000E+00,0.000000E+00,0.000000E+00,0.000000E+00,0.000000E+00,2.220106E+01,3.177440E+01,2.284625E+01,5.198931E+01,2.873044E+02,0.000000E+00,1.020973E-02,0.000000E+00,0.000000E+00,0.000000E+00,0.000000E+00,0.000000E+00,0.000000E+00,0.000000E+00,0.000000E+00,0.000000E+00,2.220101E+01,3.159395E+01,2.285026E+01,5.097750E+01,7.920483E+02,0.000000E+00,2.814655E-02,0.000000E+00,0.000000E+00,0.000000E+00,0.000000E+00,0.000000E+00,0.000000E+00,0.000000E+00,0.000000E+00,0.000000E+00,2.220110E+01,3.455307E+01,2.217577E+01,5.954879E+01
03:00:00,6.306064E+02,0.000000E+00,2.240944E-02,0.000000E+00,0.000000E+00,0.000000E+00,0.000000E+00,0.000000E+00,0.000000E+00,0.000000E+00,0.000000E+00,0.000000E+00,2.220104E+01,3.182751E+01,2.287247E+01,5.169025E+01,2.873044E+02,0.000000E+00,1.020973E-02,0.000000E+00,0.000000E+00,0.000000E+00,0.000000E+00,0.000000E+00,0.000000E+00,0.000000E+00,0.000000E+00,0.000000E+00,2.220101E+01,3.159395E+01,2.279085E+01,5.218299E+01,6.364026E+02,0.000000E+00,2.261543E-02,0.000000E+00,0.000000E+00,0.000000E+00,0.000000E+00,0.000000E+00,0.000000E+00,0.000000E+00,0.000000E+00,0.000000E+00,2.220106E+01,3.177440E+01,2.280370E+01,5.212358E+01,2.873044E+02,0.000000E+00,1.020973E-02,0.000000E+00,0.000000E+00,0.000000E+00,0.000000E+00,0.000000E+00,0.000000E+00,0.000000E+00,0.000000E+00,0.000000E+00,2.220101E+01,3.159395E+01,2.280527E+01,5.111670E+01,7.920483E+02,0.000000E+00,2.814655E-02,0.000000E+00,0.000000E+00,0.000000E+00,0.000000E+00,0.000000E+00,0.000000E+00,0.000000E+00,0.000000E+00,0.000000E+00,2.220110E+01,3.455307E+01,2.214241E+01,5.966994E+01
03:15:00,6.306064E+02,0.000000E+00,2.240944E-02,0.000000E+00,0.000000E+00,0.000000E+00,0.000000E+00,0.000000E+00,0.000000E+00,0.000000E+00,0.000000E+00,0.000000E+00,2.220104E+01,3.182751E+01,2.283150E+01,5.181873E+01,2.873044E+02,0.000000E+00,1.020973E-02,0.000000E+00,0.000000E+00,0.000000E+00,0.000000E+00,0.000000E+00,0.000000E+00,0.000000E+00,0.000000E+00,0.000000E+00,2.220101E+01,3.159395E+01,2.274953E+01,5.231392E+01,6.364026E+02,0.000000E+00,2.261543E-02,0.000000E+00,0.000000E+00,0.000000E+00,0.000000E+00,0.000000E+00,0.000000E+00,0.000000E+00,0.000000E+00,0.000000E+00,2.220106E+01,3.177440E+01,2.276270E+01,5.225332E+01,2.873044E+02,0.000000E+00,1.020973E-02,0.000000E+00,0.000000E+00,0.000000E+00,0.000000E+00,0.000000E+00,0.000000E+00,0.000000E+00,0.000000E+00,0.000000E+00,2.220101E+01,3.159395E+01,2.276208E+01,5.125075E+01,7.920483E+02,0.000000E+00,2.814655E-02,0.000000E+00,0.000000E+00,0.000000E+00,0.000000E+00,0.000000E+00,0.000000E+00,0.000000E+00,0.000000E+00,0.000000E+00,2.220110E+01,3.455307E+01,2.211028E+01,5.978689E+01
03:30:00,6.306064E+02,0.000000E+00,2.240944E-02,0.000000E+00,0.000000E+00,0.000000E+00,0.000000E+00,0.000000E+00,0.000000E+00,0.000000E+00,0.000000E+00,0.000000E+00,2.220104E+01,3.182751E+01,2.279195E+01,5.194311E+01,2.873044E+02,0.000000E+00,1.020973E-02,0.000000E+00,0.000000E+00,0.000000E+00,0.000000E+00,0.000000E+00,0.000000E+00,0.000000E+00,0.000000E+00,0.000000E+00,2.220101E+01,3.159395E+01,2.270965E+01,5.244062E+01,6.364026E+02,0.000000E+00,2.261543E-02,0.000000E+00,0.000000E+00,0.000000E+00,0.000000E+00,0.000000E+00,0.000000E+00,0.000000E+00,0.000000E+00,0.000000E+00,2.220106E+01,3.177440E+01,2.272313E+01,5.237886E+01,2.873044E+02,0.000000E+00,1.020973E-02,0.000000E+00,0.000000E+00,0.000000E+00,0.000000E+00,0.000000E+00,0.000000E+00,0.000000E+00,0.000000E+00,0.000000E+00,2.220101E+01,3.159395E+01,2.272057E+01,5.137994E+01,7.920483E+02,0.000000E+00,2.814655E-02,0.000000E+00,0.000000E+00,0.000000E+00,0.000000E+00,0.000000E+00,0.000000E+00,0.000000E+00,0.000000E+00,0.000000E+00,2.220110E+01,3.455307E+01,2.207935E+01,5.989969E+01
03:45:00,6.306064E+02,0.000000E+00,2.240944E-02,0.000000E+00,0.000000E+00,0.000000E+00,0.000000E+00,0.000000E+00,0.000000E+00,0.000000E+00,0.000000E+00,0.000000E+00,2.220104E+01,3.182751E+01,2.275374E+01,5.206360E+01,2.873044E+02,0.000000E+00,1.020973E-02,0.000000E+00,0.000000E+00,0.000000E+00,0.000000E+00,0.000000E+00,0.000000E+00,0.000000E+00,0.000000E+00,0.000000E+00,2.220101E+01,3.159395E+01,2.267116E+01,5.256324E+01,6.364026E+02,0.000000E+00,2.261543E-02,0.000000E+00,0.000000E+00,0.000000E+00,0.000000E+00,0.000000E+00,0.000000E+00,0.000000E+00,0.000000E+00,0.000000E+00,2.220106E+01,3.177440E+01,2.268493E+01,5.250039E+01,2.873044E+02,0.000000E+00,1.020973E-02,0.000000E+00,0.000000E+00,0.000000E+00,0.000000E+00,0.000000E+00,0.000000E+00,0.000000E+00,0.000000E+00,0.000000E+00,2.220101E+01,3.159395E+01,2.268065E+01,5.150452E+01,7.920483E+02,0.000000E+00,2.814655E-02,0.000000E+00,0.000000E+00,0.000000E+00,0.000000E+00,0.000000E+00,0.000000E+00,0.000000E+00,0.000000E+00,0.000000E+00,2.220110E+01,3.455307E+01,2.204960E+01,6.000846E+01
04:00:00,6.306064E+02,0.000000E+00,2.240944E-02,0.000000E+00,0.000000E+00,0.000000E+00,0.000000E+00,0.000000E+00,0.000000E+00,0.000000E+00,0.000000E+00,0.000000E+00,2.220104E+01,3.182751E+01,2.271680E+01,5.218040E+01,2.873044E+02,0.000000E+00,1.020973E-02,0.000000E+00,0.000000E+00,0.000000E+00,0.000000E+00,0.000000E+00,0.000000E+00,0.000000E+00,0.000000E+00,0.000000E+00,2.220101E+01,3.159395E+01,2.263397E+01,5.268201E+01,6.364026E+02,0.000000E+00,2.261543E-02,0.000000E+00,0.000000E+00,0.000000E+00,0.000000E+00,0.000000E+00,0.000000E+00,0.000000E+00,0.000000E+00,0.000000E+00,2.220106E+01,3.177440E+01,2.264801E+01,5.261815E+01,2.873044E+02,0.000000E+00,1.020973E-02,0.000000E+00,0.000000E+00,0.000000E+00,0.000000E+00,0.000000E+00,0.000000E+00,0.000000E+00,0.000000E+00,0.000000E+00,2.220101E+01,3.159395E+01,2.264223E+01,5.162477E+01,7.920483E+02,0.000000E+00,2.814655E-02,0.000000E+00,0.000000E+00,0.000000E+00,0.000000E+00,0.000000E+00,0.000000E+00,0.000000E+00,0.000000E+00,0.000000E+00,2.220110E+01,3.455307E+01,2.202097E+01,6.011332E+01
04:15:00,6.306064E+02,0.000000E+00,2.240944E-02,0.000000E+00,0.000000E+00,0.000000E+00,0.000000E+00,0.000000E+00,0.000000E+00,0.000000E+00,0.000000E+00,0.000000E+00,2.220104E+01,3.182751E+01,2.268103E+01,5.229376E+01,2.873044E+02,0.000000E+00,1.020973E-02,0.000000E+00,0.000000E+00,0.000000E+00,0.000000E+00,0.000000E+00,0.000000E+00,0.000000E+00,0.000000E+00,0.000000E+00,2.220101E+01,3.159395E+01,2.259801E+01,5.279713E+01,6.364026E+02,0.000000E+00,2.261543E-02,0.000000E+00,0.000000E+00,0.000000E+00,0.000000E+00,0.000000E+00,0.000000E+00,0.000000E+00,0.000000E+00,0.000000E+00,2.220106E+01,3.177440E+01,2.261229E+01,5.273237E+01,2.873044E+02,0.000000E+00,1.020973E-02,0.000000E+00,0.000000E+00,0.000000E+00,0.000000E+00,0.000000E+00,0.000000E+00,0.000000E+00,0.000000E+00,0.000000E+00,2.220101E+01,3.159395E+01,2.260519E+01,5.174096E+01,7.920483E+02,0.000000E+00,2.814655E-02,0.000000E+00,0.000000E+00,0.000000E+00,0.000000E+00,0.000000E+00,0.000000E+00,0.000000E+00,0.000000E+00,0.000000E+00,2.220110E+01,3.455307E+01,2.199342E+01,6.021442E+01
04:30:00,6.306064E+02,0.000000E+00,2.240944E-02,0.000000E+00,0.000000E+00,0.000000E+00,0.000000E+00,0.000000E+00,0.000000E+00,0.000000E+00,0.000000E+00,0.000000E+00,2.220104E+01,3.182751E+01,2.264706E+01,5.240166E+01,2.873044E+02,0.000000E+00,1.020973E-02,0.000000E+00,0.000000E+00,0.000000E+00,0.000000E+00,0.000000E+00,0.000000E+00,0.000000E+00,0.000000E+00,0.000000E+00,2.220101E+01,3.159395E+01,2.256373E+01,5.290717E+01,6.364026E+02,0.000000E+00,2.261543E-02,0.000000E+00,0.000000E+00,0.000000E+00,0.000000E+00,0.000000E+00,0.000000E+00,0.000000E+00,0.000000E+00,0.000000E+00,2.220106E+01,3.177440E+01,2.257834E+01,5.284119E+01,2.873044E+02,0.000000E+00,1.020973E-02,0.000000E+00,0.000000E+00,0.000000E+00,0.000000E+00,0.000000E+00,0.000000E+00,0.000000E+00,0.000000E+00,0.000000E+00,2.220101E+01,3.159395E+01,2.256997E+01,5.185175E+01,7.920483E+02,0.000000E+00,2.814655E-02,0.000000E+00,0.000000E+00,0.000000E+00,0.000000E+00,0.000000E+00,0.000000E+00,0.000000E+00,0.000000E+00,0.000000E+00,2.220110E+01,3.455307E+01,2.196690E+01,6.031191E+01
04:45:00,6.306064E+02,0.000000E+00,2.240944E-02,0.000000E+00,0.000000E+00,0.000000E+00,0.000000E+00,0.000000E+00,0.000000E+00,0.000000E+00,0.000000E+00,0.000000E+00,2.220104E+01,3.182751E+01,2.261486E+01,5.250420E+01,2.873044E+02,0.000000E+00,1.020973E-02,0.000000E+00,0.000000E+00,0.000000E+00,0.000000E+00,0.000000E+00,0.000000E+00,0.000000E+00,0.000000E+00,0.000000E+00,2.220101E+01,3.159395E+01,2.253107E+01,5.301224E+01,6.364026E+02,0.000000E+00,2.261543E-02,0.000000E+00,0.000000E+00,0.000000E+00,0.000000E+00,0.000000E+00,0.000000E+00,0.000000E+00,0.000000E+00,0.000000E+00,2.220106E+01,3.177440E+01,2.254613E+01,5.294466E+01,2.873044E+02,0.000000E+00,1.020973E-02,0.000000E+00,0.000000E+00,0.000000E+00,0.000000E+00,0.000000E+00,0.000000E+00,0.000000E+00,0.000000E+00,0.000000E+00,2.220101E+01,3.159395E+01,2.253649E+01,5.195730E+01,7.920483E+02,0.000000E+00,2.814655E-02,0.000000E+00,0.000000E+00,0.000000E+00,0.000000E+00,0.000000E+00,0.000000E+00,0.000000E+00,0.000000E+00,0.000000E+00,2.220110E+01,3.455307E+01,2.194138E+01,6.040590E+01
05:00:00,6.306064E+02,0.000000E+00,2.240944E-02,0.000000E+00,0.000000E+00,0.000000E+00,0.000000E+00,0.000000E+00,0.000000E+00,0.000000E+00,0.000000E+00,0.000000E+00,2.220104E+01,3.182751E+01,2.258408E+01,5.260240E+01,2.873044E+02,0.000000E+00,1.020973E-02,0.000000E+00,0.000000E+00,0.000000E+00,0.000000E+00,0.000000E+00,0.000000E+00,0.000000E+00,0.000000E+00,0.000000E+00,2.220101E+01,3.159395E+01,2.249977E+01,5.311314E+01,6.364026E+02,0.000000E+00,2.261543E-02,0.000000E+00,0.000000E+00,0.000000E+00,0.000000E+00,0.000000E+00,0.000000E+00,0.000000E+00,0.000000E+00,0.000000E+00,2.220106E+01,3.177440E+01,2.251534E+01,5.304378E+01,2.873044E+02,0.000000E+00,1.020973E-02,0.000000E+00,0.000000E+00,0.000000E+00,0.000000E+00,0.000000E+00,0.000000E+00,0.000000E+00,0.000000E+00,0.000000E+00,2.220101E+01,3.159395E+01,2.250448E+01,5.205843E+01,7.920483E+02,0.000000E+00,2.814655E-02,0.000000E+00,0.000000E+00,0.000000E+00,0.000000E+00,0.000000E+00,0.000000E+00,0.000000E+00,0.000000E+00,0.000000E+00,2.220110E+01,3.455307E+01,2.191683E+01,6.049647E+01
05:15:00,6.306064E+02,0.000000E+00,2.240944E-02,0.000000E+00,0.000000E+00,0.000000E+00,0.000000E+00,0.000000E+00,0.000000E+00,0.000000E+00,0.000000E+00,0.000000E+00,2.220104E+01,3.182751E+01,2.255449E+01,5.269701E+01,2.873044E+02,0.000000E+00,1.020973E-02,0.000000E+00,0.000000E+00,0.000000E+00,0.000000E+00,0.000000E+00,0.000000E+00,0.000000E+00,0.000000E+00,0.000000E+00,2.220101E+01,3.159395E+01,2.246968E+01,5.321035E+01,6.364026E+02,0.000000E+00,2.261543E-02,0.000000E+00,0.000000E+00,0.000000E+00,0.000000E+00,0.000000E+00,0.000000E+00,0.000000E+00,0.000000E+00,0.000000E+00,2.220106E+01,3.177440E+01,2.248574E+01,5.313926E+01,2.873044E+02,0.000000E+00,1.020973E-02,0.000000E+00,0.000000E+00,0.000000E+00,0.000000E+00,0.000000E+00,0.000000E+00,0.000000E+00,0.000000E+00,0.000000E+00,2.220101E+01,3.159395E+01,2.247377E+01,5.215567E+01,7.920483E+02,0.000000E+00,2.814655E-02,0.000000E+00,0.000000E+00,0.000000E+00,0.000000E+00,0.000000E+00,0.000000E+00,0.000000E+00,0.000000E+00,0.000000E+00,2.220110E+01,3.455307E+01,2.189322E+01,6.058371E+01
05:30:00,6.306064E+02,0.000000E+00,2.240944E-02,0.000000E+00,0.000000E+00,0.000000E+00,0.000000E+00,0.000000E+00,0.000000E+00,0.000000E+00,0.000000E+00,0.000000E+00,2.220104E+01,3.182751E+01,2.252855E+01,5.278012E+01,2.873044E+02,0.000000E+00,1.020973E-02,0.000000E+00,0.000000E+00,0.000000E+00,0.000000E+00,0.000000E+00,0.000000E+00,0.000000E+00,0.000000E+00,0.000000E+00,2.220101E+01,3.159395E+01,2.244259E+01,5.329803E+01,6.364026E+02,0.000000E+00,2.261543E-02,0.000000E+00,0.000000E+00,0.000000E+00,0.000000E+00,0.000000E+00,0.000000E+00,0.000000E+00,0.000000E+00,0.000000E+00,2.220106E+01,3.177440E+01,2.245964E+01,5.322365E+01,2.873044E+02,0.000000E+00,1.020973E-02,0.000000E+00,0.000000E+00,0.000000E+00,0.000000E+00,0.000000E+00,0.000000E+00,0.000000E+00,0.000000E+00,0.000000E+00,2.220101E+01,3.159395E+01,2.244615E+01,5.224330E+01,7.920483E+02,0.000000E+00,2.814655E-02,0.000000E+00,0.000000E+00,0.000000E+00,0.000000E+00,0.000000E+00,0.000000E+00,0.000000E+00,0.000000E+00,0.000000E+00,2.220110E+01,3.455307E+01,2.187054E+01,6.066767E+01
05:45:00,6.306064E+02,0.000000E+00,2.240944E-02,0.000000E+00,0.000000E+00,0.000000E+00,0.000000E+00,0.000000E+00,0.000000E+00,0.000000E+00,0.000000E+00,0.000000E+00,2.220104E+01,3.182751E+01,2.250654E+01,5.285075E+01,2.873044E+02,0.000000E+00,1.020973E-02,0.000000E+00,0.000000E+00,0.000000E+00,0.000000E+00,0.000000E+00,0.000000E+00,0.000000E+00,0.000000E+00,0.000000E+00,2.220101E+01,3.159395E+01,2.241862E+01,5.337578E+01,6.364026E+02,0.000000E+00,2.261543E-02,0.000000E+00,0.000000E+00,0.000000E+00,0.000000E+00,0.000000E+00,0.000000E+00,0.000000E+00,0.000000E+00,0.000000E+00,2.220106E+01,3.177440E+01,2.243728E+01,5.329602E+01,2.873044E+02,0.000000E+00,1.020973E-02,0.000000E+00,0.000000E+00,0.000000E+00,0.000000E+00,0.000000E+00,0.000000E+00,0.000000E+00,0.000000E+00,0.000000E+00,2.220101E+01,3.159395E+01,2.242171E+01,5.232100E+01,7.920483E+02,0.000000E+00,2.814655E-02,0.000000E+00,0.000000E+00,0.000000E+00,0.000000E+00,0.000000E+00,0.000000E+00,0.000000E+00,0.000000E+00,0.000000E+00,2.220110E+01,3.455307E+01,2.184879E+01,6.074830E+01
06:00:00,6.306064E+02,0.000000E+00,2.240944E-02,0.000000E+00,0.000000E+00,0.000000E+00,0.000000E+00,0.000000E+00,0.000000E+00,0.000000E+00,0.000000E+00,0.000000E+00,2.220104E+01,3.182751E+01,2.248768E+01,5.291137E+01,2.873044E+02,0.000000E+00,1.020973E-02,0.000000E+00,0.000000E+00,0.000000E+00,0.000000E+00,0.000000E+00,0.000000E+00,0.000000E+00,0.000000E+00,0.000000E+00,2.220101E+01,3.159395E+01,2.239740E+01,5.344468E+01,6.364026E+02,0.000000E+00,2.261543E-02,0.000000E+00,0.000000E+00,0.000000E+00,0.000000E+00,0.000000E+00,0.000000E+00,0.000000E+00,0.000000E+00,0.000000E+00,2.220106E+01,3.177440E+01,2.241799E+01,5.335858E+01,2.873044E+02,0.000000E+00,1.020973E-02,0.000000E+00,0.000000E+00,0.000000E+00,0.000000E+00,0.000000E+00,0.000000E+00,0.000000E+00,0.000000E+00,0.000000E+00,2.220101E+01,3.159395E+01,2.240009E+01,5.238982E+01,7.920483E+02,0.000000E+00,2.814655E-02,0.000000E+00,0.000000E+00,0.000000E+00,0.000000E+00,0.000000E+00,0.000000E+00,0.000000E+00,0.000000E+00,0.000000E+00,2.220110E+01,3.455307E+01,2.182800E+01,6.082548E+01
06:15:00,6.306064E+02,0.000000E+00,2.240944E-02,0.000000E+00,0.000000E+00,0.000000E+00,0.000000E+00,0.000000E+00,0.000000E+00,0.000000E+00,0.000000E+00,0.000000E+00,2.220104E+01,3.182751E+01,2.247070E+01,5.296600E+01,2.873044E+02,0.000000E+00,1.020973E-02,0.000000E+00,0.000000E+00,0.000000E+00,0.000000E+00,0.000000E+00,0.000000E+00,0.000000E+00,0.000000E+00,0.000000E+00,2.220101E+01,3.159395E+01,2.237795E+01,5.350793E+01,6.364026E+02,0.000000E+00,2.261543E-02,0.000000E+00,0.000000E+00,0.000000E+00,0.000000E+00,0.000000E+00,0.000000E+00,0.000000E+00,0.000000E+00,0.000000E+00,2.220106E+01,3.177440E+01,2.240058E+01,5.341510E+01,2.873044E+02,0.000000E+00,1.020973E-02,0.000000E+00,0.000000E+00,0.000000E+00,0.000000E+00,0.000000E+00,0.000000E+00,0.000000E+00,0.000000E+00,0.000000E+00,2.220101E+01,3.159395E+01,2.238028E+01,5.245299E+01,7.920483E+02,0.000000E+00,2.814655E-02,0.000000E+00,0.000000E+00,0.000000E+00,0.000000E+00,0.000000E+00,0.000000E+00,0.000000E+00,0.000000E+00,0.000000E+00,2.220110E+01,3.455307E+01,2.180822E+01,6.089903E+01
06:30:00,6.306064E+02,0.000000E+00,2.240944E-02,0.000000E+00,0.000000E+00,0.000000E+00,0.000000E+00,0.000000E+00,0.000000E+00,0.000000E+00,0.000000E+00,0.000000E+00,2.220104E+01,3.182751E+01,2.248394E+01,5.292340E+01,2.873044E+02,0.000000E+00,1.020973E-02,0.000000E+00,0.000000E+00,0.000000E+00,0.000000E+00,0.000000E+00,0.000000E+00,0.000000E+00,0.000000E+00,0.000000E+00,2.220101E+01,3.159395E+01,2.261137E+01,5.275434E+01,6.364026E+02,0.000000E+00,2.261543E-02,0.000000E+00,0.000000E+00,0.000000E+00,0.000000E+00,0.000000E+00,0.000000E+00,0.000000E+00,0.000000E+00,0.000000E+00,2.220106E+01,3.177440E+01,2.269703E+01,5.246187E+01,2.873044E+02,0.000000E+00,1.020973E-02,0.000000E+00,0.000000E+00,0.000000E+00,0.000000E+00,0.000000E+00,0.000000E+00,0.000000E+00,0.000000E+00,0.000000E+00,2.220101E+01,3.159395E+01,2.239538E+01,5.240482E+01,7.920483E+02,0.000000E+00,2.814655E-02,0.000000E+00,0.000000E+00,0.000000E+00,0.000000E+00,0.000000E+00,0.000000E+00,0.000000E+00,0.000000E+00,0.000000E+00,2.220110E+01,3.455307E+01,2.178721E+01,6.097724E+01
06:45:00,6.306064E+02,0.000000E+00,2.240944E-02,0.000000E+00,0.000000E+00,0.000000E+00,0.000000E+00,0.000000E+00,0.000000E+00,0.000000E+00,0.000000E+00,0.000000E+00,2.220104E+01,3.182751E+01,2.254863E+01,5.271579E+01,2.873044E+02,0.000000E+00,1.020973E-02,0.000000E+00,0.000000E+00,0.000000E+00,0.000000E+00,0.000000E+00,0.000000E+00,0.000000E+00,0.000000E+00,0.000000E+00,2.220101E+01,3.159395E+01,2.313821E+01,5.109695E+01,6.364026E+02,0.000000E+00,2.261543E-02,0.000000E+00,0.000000E+00,0.000000E+00,0.000000E+00,0.000000E+00,0.000000E+00,0.000000E+00,0.000000E+00,0.000000E+00,2.220106E+01,3.177440E+01,2.333607E+01,5.047153E+01,2.873044E+02,0.000000E+00,1.020973E-02,0.000000E+00,0.000000E+00,0.000000E+00,0.000000E+00,0.000000E+00,0.000000E+00,0.000000E+00,0.000000E+00,0.000000E+00,2.220101E+01,3.159395E+01,2.247255E+01,5.215956E+01,7.920483E+02,0.000000E+00,2.814655E-02,0.000000E+00,0.000000E+00,0.000000E+00,0.000000E+00,0.000000E+00,0.000000E+00,0.000000E+00,0.000000E+00,0.000000E+00,2.220110E+01,3.455307E+01,2.178415E+01,6.098863E+01
07:00:00,6.306064E+02,0.000000E+00,2.240944E-02,0.000000E+00,0.000000E+00,0.000000E+00,0.000000E+00,0.000000E+00,0.000000E+00,0.000000E+00,0.000000E+00,0.000000E+00,2.220104E+01,3.182751E+01,2.261700E+01,5.249738E+01,2.873044E+02,2.683977E+01,1.020973E-02,2.673760E-03,0.000000E+00,0.000000E+00,0.000000E+00,0.000000E+00,0.000000E+00,0.000000E+00,0.000000E+00,0.000000E+00,2.220101E+01,3.159395E+01,2.360414E+01,4.967996E+01,6.364026E+02,1.412838E+02,2.261543E-02,1.412562E-02,0.000000E+00,0.000000E+00,0.000000E+00,0.000000E+00,0.000000E+00,0.000000E+00,0.000000E+00,0.000000E+00,2.220106E+01,3.177440E+01,2.376256E+01,4.916812E+01,2.873044E+02,0.000000E+00,1.020973E-02,0.000000E+00,0.000000E+00,0.000000E+00,0.000000E+00,0.000000E+00,0.000000E+00,0.000000E+00,0.000000E+00,0.000000E+00,2.220101E+01,3.159395E+01,2.255486E+01,5.189934E+01,7.920483E+02,0.000000E+00,2.814655E-02,0.000000E+00,0.000000E+00,0.000000E+00,0.000000E+00,0.000000E+00,0.000000E+00,0.000000E+00,0.000000E+00,0.000000E+00,2.220110E+01,3.455307E+01,2.179416E+01,6.095135E+01
07:15:00,6.306064E+02,0.000000E+00,2.240944E-02,0.000000E+00,0.000000E+00,0.000000E+00,0.000000E+00,0.000000E+00,0.000000E+00,0.000000E+00,0.000000E+00,0.000000E+00,2.220104E+01,3.182751E+01,2.270794E+01,5.220844E+01,2.873044E+02,1.180060E+02,1.020973E-02,1.168986E-02,0.000000E+00,0.000000E+00,0.000000E+00,0.000000E+00,0.000000E+00,0.000000E+00,0.000000E+00,0.000000E+00,2.220101E+01,3.159395E+01,2.389798E+01,4.875880E+01,6.364026E+02,3.843109E+02,2.261543E-02,3.815645E-02,0.000000E+00,0.000000E+00,0.000000E+00,0.000000E+00,0.000000E+00,0.000000E+00,0.000000E+00,0.000000E+00,2.220106E+01,3.177440E+01,2.389960E+01,4.865054E+01,2.873044E+02,0.000000E+00,1.020973E-02,0.000000E+00,0.000000E+00,0.000000E+00,0.000000E+00,0.000000E+00,0.000000E+00,0.000000E+00,0.000000E+00,0.000000E+00,2.220101E+01,3.159395E+01,2.266281E+01,5.156031E+01,7.920483E+02,0.000000E+00,2.814655E-02,0.000000E+00,0.000000E+00,0.000000E+00,0.000000E+00,0.000000E+00,0.000000E+00,0.000000E+00,0.000000E+00,0.000000E+00,2.220110E+01,3.455307E+01,2.181727E+01,6.086535E+01
07:30:00,6.306064E+02,0.000000E+00,2.240944E-02,0.000000E+00,0.000000E+00,0.000000E+00,0.000000E+00,0.000000E+00,0.000000E+00,0.000000E+00,0.000000E+00,0.000000E+00,2.220104E+01,3.182751E+01,2.280860E+01,5.189071E+01,2.873044E+02,2.344431E+02,1.020973E-02,2.320326E-02,0.000000E+00,0.000000E+00,0.000000E+00,0.000000E+00,0.000000E+00,0.000000E+00,0.000000E+00,0.000000E+00,2.220101E+01,3.159395E+01,2.389964E+01,4.861439E+01,6.364026E+02,6.929753E+02,2.261543E-02,6.867724E-02,0.000000E+00,0.000000E+00,0.000000E+00,0.000000E+00,0.000000E+00,0.000000E+00,0.000000E+00,0.000000E+00,2.220106E+01,3.177440E+01,2.389971E+01,4.848901E+01,2.873044E+02,0.000000E+00,1.020973E-02,0.000000E+00,0.000000E+00,0.000000E+00,0.000000E+00,0.000000E+00,0.000000E+00,0.000000E+00,0.000000E+00,0.000000E+00,2.220101E+01,3.159395E+01,2.277997E+01,5.119519E+01,7.920483E+02,0.000000E+00,2.814655E-02,0.000000E+00,0.000000E+00,0.000000E+00,0.000000E+00,0.000000E+00,0.000000E+00,0.000000E+00,0.000000E+00,0.000000E+00,2.220110E+01,3.455307E+01,2.185347E+01,6.073095E+01
07:45:00,6.306064E+02,0.000000E+00,2.240944E-02,0.000000E+00,0.000000E+00,0.000000E+00,0.000000E+00,0.000000E+00,0.000000E+00,0.000000E+00,0.000000E+00,0.000000E+00,2.220104E+01,3.182751E+01,2.295353E+01,5.143706E+01,2.873044E+02,3.878548E+02,1.020973E-02,3.837263E-02,0.000000E+00,0.000000E+00,0.000000E+00,0.000000E+00,0.000000E+00,0.000000E+00,0.000000E+00,0.000000E+00,2.220101E+01,3.159395E+01,2.389971E+01,4.837061E+01,6.364026E+02,1.073939E+03,2.261543E-02,1.063471E-01,0.000000E+00,0.000000E+00,0.000000E+00,0.000000E+00,0.000000E+00,0.000000E+00,0.000000E+00,0.000000E+00,2.220106E+01,3.177440E+01,2.389970E+01,4.823850E+01,2.873044E+02,0.000000E+00,1.020973E-02,0.000000E+00,0.000000E+00,0.000000E+00,0.000000E+00,0.000000E+00,0.000000E+00,0.000000E+00,0.000000E+00,0.000000E+00,2.220101E+01,3.159395E+01,2.294331E+01,5.069095E+01,7.920483E+02,0.000000E+00,2.814655E-02,0.000000E+00,0.000000E+00,0.000000E+00,0.000000E+00,0.000000E+00,0.000000E+00,0.000000E+00,0.000000E+00,0.000000E+00,2.220110E+01,3.455307E+01,2.191285E+01,6.051118E+01
08:00:00,6.306064E+02,0.000000E+00,2.240944E-02,0.000000E+00,0.000000E+00,0.000000E+00,0.000000E+00,0.000000E+00,0.000000E+00,0.000000E+00,0.000000E+00,0.000000E+00,2.220104E+01,3.182751E+01,2.310712E+01,5.096117E+01,2.873044E+02,5.428349E+02,1.020973E-02,5.367723E-02,0.000000E+00,0.000000E+00,0.000000E+00,0.000000E+00,0.000000E+00,0.000000E+00,0.000000E+00,0.000000E+00,2.220101E+01,3.159395E+01,2.389972E+01,4.811980E+01,6.364026E+02,1.367681E+03,2.261543E-02,1.352368E-01,0.000000E+00,0.000000E+00,0.000000E+00,0.000000E+00,0.000000E+00,0.000000E+00,0.000000E+00,0.000000E+00,2.220106E+01,3.177440E+01,2.389973E+01,4.801114E+01,2.873044E+02,0.000000E+00,1.020973E-02,0.000000E+00,0.000000E+00,0.000000E+00,0.000000E+00,0.000000E+00,0.000000E+00,0.000000E+00,0.000000E+00,0.000000E+00,2.220101E+01,3.159395E+01,2.311256E+01,5.017438E+01,7.920483E+02,0.000000E+00,2.814655E-02,0.000000E+00,0.000000E+00,0.000000E+00,0.000000E+00,0.000000E+00,0.000000E+00,0.000000E+00,0.000000E+00,0.000000E+00,2.220110E+01,3.455307E+01,2.198002E+01,6.026364E+01
08:15:00,6.306064E+02,1.690669E+02,2.240944E-02,1.684597E-02,0.000000E+00,0.000000E+00,0.000000E+00,0.000000E+00,0.000000E+00,0.000000E+00,0.000000E+00,0.000000E+00,2.220104E+01,3.182751E+01,2.369223E+01,5.002992E+01,2.873044E+02,7.745220E+02,1.020973E-02,7.658477E-02,0.000000E+00,0.000000E+00,0.000000E+00,0.000000E+00,0.000000E+00,0.000000E+00,0.000000E+00,0.000000E+00,2.220101E+01,3.159395E+01,2.389975E+01,4.864829E+01,6.364026E+02,1.904063E+03,2.261543E-02,1.882735E-01,0.000000E+00,0.000000E+00,0.000000E+00,0.000000E+00,0.000000E+00,0.000000E+00,0.000000E+00,0.000000E+00,2.220106E+01,3.177440E+01,2.389979E+01,4.854438E+01,2.873044E+02,7.654468E+01,1.020973E-02,7.620288E-03,0.000000E+00,0.000000E+00,0.000000E+00,0.000000E+00,0.000000E+00,0.000000E+00,0.000000E+00,0.000000E+00,2.220101E+01,3.159395E+01,2.370470E+01,4.932183E+01,7.920483E+02,3.437793E+00,2.814655E-02,3.524151E-04,0.000000E+00,0.000000E+00,0.000000E+00,0.000000E+00,0.000000E+00,0.000000E+00,0.000000E+00,0.000000E+00,2.220110E+01,3.455307E+01,2.277970E+01,5.823933E+01
08:30:00,6.306064E+02,4.431385E+02,2.240944E-02,4.399619E-02,0.000000E+00,0.000000E+00,0.000000E+00,0.000000E+00,0.000000E+00,0.000000E+00,0.000000E+00,0.000000E+00,2.220104E+01,3.182751E+01,2.388231E+01,5.073868E+01,2.873044E+02,1.027184E+03,1.020973E-02,1.015691E-01,0.000000E+00,0.000000E+00,0.000000E+00,0.000000E+00,0.000000E+00,0.000000E+00,0.000000E+00,0.000000E+00,2.220101E+01,3.159395E+01,2.389940E+01,4.959234E+01,6.364026E+02,2.449741E+03,2.261543E-02,2.422325E-01,0.000000E+00,0.000000E+00,0.000000E+00,0.000000E+00,0.000000E+00,0.000000E+00,0.000000E+00,0.000000E+00,2.220106E+01,3.177440E+01,2.389944E+01,4.945198E+01,2.873044E+02,2.028067E+02,1.020973E-02,2.012452E-02,0.000000E+00,0.000000E+00,0.000000E+00,0.000000E+00,0.000000E+00,0.000000E+00,0.000000E+00,0.000000E+00,2.220101E+01,3.159395E+01,2.388508E+01,5.021173E+01,7.920483E+02,1.789768E+02,2.814655E-02,1.786224E-02,0.000000E+00,0.000000E+00,0.000000E+00,0.000000E+00,0.000000E+00,0.000000E+00,0.000000E+00,0.000000E+00,2.220110E+01,3.455307E+01,2.363213E+01,5.673773E+01
08:45:00,6.306064E+02,7.527503E+02,2.240944E-02,7.461159E-02,0.000000E+00,0.000000E+00,0.000000E+00,0.000000E+00,0.000000E+00,0.000000E+00,0.000000E+00,0.000000E+00,2.220104E+01,3.182751E+01,2.389941E+01,5.208997E+01,2.873044E+02,1.270942E+03,1.020973E-02,1.256747E-01,0.000000E+00,0.000000E+00,0.000000E+00,0.000000E+00,0.000000E+00,0.000000E+00,0.000000E+00,0.000000E+00,2.220101E+01,3.159395E+01,2.389899E+01,5.032200E+01,6.364026E+02,2.978466E+03,2.261543E-02,2.945191E-01,0.000000E+00,0.000000E+00,0.000000E+00,0.000000E+00,0.000000E+00,0.000000E+00,0.000000E+00,0.000000E+00,2.220106E+01,3.177440E+01,2.389902E+01,5.016693E+01,2.873044E+02,3.473123E+02,1.020973E-02,3.441362E-02,0.000000E+00,0.000000E+00,0.000000E+00,0.000000E+00,0.000000E+00,0.000000E+00,0.000000E+00,0.000000E+00,2.220101E+01,3.159395E+01,2.389946E+01,5.173826E+01,7.920483E+02,5.024580E+02,2.814655E-02,4.984929E-02,0.000000E+00,0.000000E+00,0.000000E+00,0.000000E+00,0.000000E+00,0.000000E+00,0.000000E+00,0.000000E+00,2.220110E+01,3.455307E+01,2.389934E+01,5.723863E+01
09:00:00,6.306064E+02,1.111450E+03,2.240944E-02,1.100842E-01,0.000000E+00,0.000000E+00,0.000000E+00,0.000000E+00,0.000000E+00,0.000000E+00,0.000000E+00,0.000000E+00,2.220104E+01,3.182751E+01,2.389852E+01,5.277971E+01,2.873044E+02,1.505746E+03,1.020973E-02,1.488990E-01,0.000000E+00,0.000000E+00,0.000000E+00,0.000000E+00,0.000000E+00,0.000000E+00,0.000000E+00,0.000000E+00,2.220101E+01,3.159395E+01,2.389809E+01,5.046235E+01,6.364026E+02,3.491566E+03,2.261543E-02,3.452699E-01,0.000000E+00,0.000000E+00,0.000000E+00,0.000000E+00,0.000000E+00,0.000000E+00,0.000000E+00,0.000000E+00,2.220106E+01,3.177440E+01,2.389810E+01,5.032094E+01,2.873044E+02,5.155822E+02,1.020973E-02,5.105397E-02,0.000000E+00,0.000000E+00,0.000000E+00,0.000000E+00,0.000000E+00,0.000000E+00,0.000000E+00,0.000000E+00,2.220101E+01,3.159395E+01,2.389864E+01,5.249999E+01,7.920483E+02,8.044154E+02,2.814655E-02,7.971124E-02,0.000000E+00,0.000000E+00,0.000000E+00,0.000000E+00,0.000000E+00,0.000000E+00,0.000000E+00,0.000000E+00,2.220110E+01,3.455307E+01,2.389827E+01,5.788581E+01
09:15:00,6.306064E+02,1.436318E+03,2.240944E-02,1.420871E-01,0.000000E+00,0.000000E+00,0.000000E+00,0.000000E+00,0.000000E+00,0.000000E+00,0.000000E+00,0.000000E+00,2.220104E+01,3.182751E+01,2.389797E+01,5.377570E+01,2.873044E+02,1.656058E+03,1.020973E-02,1.637713E-01,0.000000E+00,0.000000E+00,0.000000E+00,0.000000E+00,0.000000E+00,0.000000E+00,0.000000E+00,0.000000E+00,2.220101E+01,3.159395E+01,2.389775E+01,5.060101E+01,6.364026E+02,3.787409E+03,2.261543E-02,3.745446E-01,0.000000E+00,0.000000E+00,0.000000E+00,0.000000E+00,0.000000E+00,0.000000E+00,0.000000E+00,0.000000E+00,2.220106E+01,3.177440E+01,2.389775E+01,5.048226E+01,2.873044E+02,6.675018E+02,1.020973E-02,6.602801E-02,0.000000E+00,0.000000E+00,0.000000E+00,0.000000E+00,0.000000E+00,0.000000E+00,0.000000E+00,0.000000E+00,2.220101E+01,3.159395E+01,2.389807E+01,5.358419E+01,7.920483E+02,1.339162E+03,2.814655E-02,1.325853E-01,0.000000E+00,0.000000E+00,0.000000E+00,0.000000E+00,0.000000E+00,0.000000E+00,0.000000E+00,0.000000E+00,2.220110E+01,3.455307E+01,2.389772E+01,5.900799E+01
09:30:00,6.306064E+02,1.687348E+03,2.240944E-02,1.668746E-01,0.000000E+00,0.000000E+00,0.000000E+00,0.000000E+00,0.000000E+00,0.000000E+00,0.000000E+00,0.000000E+00,2.220104E+01,3.182751E+01,2.389675E+01,5.388544E+01,2.873044E+02,1.765313E+03,1.020973E-02,1.745847E-01,0.000000E+00,0.000000E+00,0.000000E+00,0.000000E+00,0.000000E+00,0.000000E+00,0.000000E+00,0.000000E+00,2.220101E+01,3.159395E+01,2.389733E+01,5.043950E+01,6.364026E+02,4.019497E+03,2.261543E-02,3.975172E-01,0.000000E+00,0.000000E+00,0.000000E+00,0.000000E+00,0.000000E+00,0.000000E+00,0.000000E+00,0.000000E+00,2.220106E+01,3.177440E+01,2.389731E+01,5.034544E+01,2.873044E+02,7.857227E+02,1.020973E-02,7.770520E-02,0.000000E+00,0.000000E+00,0.000000E+00,0.000000E+00,0.000000E+00,0.000000E+00,0.000000E+00,0.000000E+00,2.220101E+01,3.159395E+01,2.389688E+01,5.372633E+01,7.920483E+02,1.731253E+03,2.814655E-02,1.712258E-01,0.000000E+00,0.000000E+00,0.000000E+00,0.000000E+00,0.000000E+00,0.000000E+00,0.000000E+00,0.000000E+00,2.220110E+01,3.455307E+01,2.389566E+01,5.902619E+01
09:45:00,6.306064E+02,1.929303E+03,2.240944E-02,1.908168E-01,0.000000E+00,0.000000E+00,0.000000E+00,0.000000E+00,0.000000E+00,0.000000E+00,0.000000E+00,0.000000E+00,2.220104E+01,3.182751E+01,2.389634E+01,5.350432E+01,2.873044E+02,1.846843E+03,1.020973E-02,1.826549E-01,0.000000E+00,0.000000E+00,0.000000E+00,0.000000E+00,0.000000E+00,0.000000E+00,0.000000E+00,0.000000E+00,2.220101E+01,3.159395E+01,2.389734E+01,5.026220E+01,6.364026E+02,4.199944E+03,2.261543E-02,4.153798E-01,0.000000E+00,0.000000E+00,0.000000E+00,0.000000E+00,0.000000E+00,0.000000E+00,0.000000E+00,0.000000E+00,2.220106E+01,3.177440E+01,2.389730E+01,5.018116E+01,2.873044E+02,8.985367E+02,1.020973E-02,8.886830E-02,0.000000E+00,0.000000E+00,0.000000E+00,0.000000E+00,0.000000E+00,0.000000E+00,0.000000E+00,0.000000E+00,2.220101E+01,3.159395E+01,2.389645E+01,5.334416E+01,7.920483E+02,1.997236E+03,2.814655E-02,1.975515E-01,0.000000E+00,0.000000E+00,0.000000E+00,0.000000E+00,0.000000E+00,0.000000E+00,0.000000E+00,0.000000E+00,2.220110E+01,3.455307E+01,2.389522E+01,5.838019E+01
10:00:00,6.306064E+02,2.145169E+03,2.240944E-02,2.121768E-01,0.000000E+00,0.000000E+00,0.000000E+00,0.000000E+00,0.000000E+00,0.000000E+00,0.000000E+00,0.000000E+00,2.220104E+01,3.182751E+01,2.389632E+01,5.304296E+01,2.873044E+02,1.904085E+03,1.020973E-02,1.883188E-01,0.000000E+00,0.000000E+00,0.000000E+00,0.000000E+00,0.000000E+00,0.000000E+00,0.000000E+00,0.000000E+00,2.220101E+01,3.159395E+01,2.389747E+01,5.018714E+01,6.364026E+02,4.337049E+03,2.261543E-02,4.289464E-01,0.000000E+00,0.000000E+00,0.000000E+00,0.000000E+00,0.000000E+00,0.000000E+00,0.000000E+00,0.000000E+00,2.220106E+01,3.177440E+01,2.389741E+01,5.010555E+01,2.873044E+02,9.984444E+02,1.020973E-02,9.875418E-02,0.000000E+00,0.000000E+00,0.000000E+00,0.000000E+00,0.000000E+00,0.000000E+00,0.000000E+00,0.000000E+00,2.220101E+01,3.159395E+01,2.389643E+01,5.287709E+01,7.920483E+02,2.302069E+03,2.814655E-02,2.277161E-01,0.000000E+00,0.000000E+00,0.000000E+00,0.000000E+00,0.000000E+00,0.000000E+00,0.000000E+00,0.000000E+00,2.220110E+01,3.455307E+01,2.389526E+01,5.760045E+01
10:15:00,6.306064E+02,2.248529E+03,2.240944E-02,2.224047E-01,0.000000E+00,0.000000E+00,0.000000E+00,0.000000E+00,0.000000E+00,0.000000E+00,0.000000E+00,0.000000E+00,2.220104E+01,3.182751E+01,2.389698E+01,5.259854E+01,2.873044E+02,1.896712E+03,1.020973E-02,1.875891E-01,0.000000E+00,0.000000E+00,0.000000E+00,0.000000E+00,0.000000E+00,0.000000E+00,0.000000E+00,0.000000E+00,2.220101E+01,3.159395E+01,2.389786E+01,5.020464E+01,6.364026E+02,4.337394E+03,2.261543E-02,4.289799E-01,0.000000E+00,0.000000E+00,0.000000E+00,0.000000E+00,0.000000E+00,0.000000E+00,0.000000E+00,0.000000E+00,2.220106E+01,3.177440E+01,2.389780E+01,5.010706E+01,2.873044E+02,1.048669E+03,1.020973E-02,1.037241E-01,0.000000E+00,0.000000E+00,0.000000E+00,0.000000E+00,0.000000E+00,0.000000E+00,0.000000E+00,0.000000E+00,2.220101E+01,3.159395E+01,2.389705E+01,5.243769E+01,7.920483E+02,2.389728E+03,2.814655E-02,2.363947E-01,0.000000E+00,0.000000E+00,0.000000E+00,0.000000E+00,0.000000E+00,0.000000E+00,0.000000E+00,0.000000E+00,2.220110E+01,3.455307E+01,2.389627E+01,5.679563E+01
10:30:00,6.306064E+02,2.340306E+03,2.240944E-02,2.314766E-01,0.000000E+00,0.000000E+00,0.000000E+00,0.000000E+00,0.000000E+00,0.000000E+00,0.000000E+00,0.000000E+00,2.220104E+01,3.182751E+01,2.389769E+01,5.237367E+01,2.873044E+02,1.872025E+03,1.020973E-02,1.851436E-01,0.000000E+00,0.000000E+00,0.000000E+00,0.000000E+00,0.000000E+00,0.000000E+00,0.000000E+00,0.000000E+00,2.220101E+01,3.159395E+01,2.389820E+01,5.025028E+01,6.364026E+02,4.309724E+03,2.261543E-02,4.262341E-01,0.000000E+00,0.000000E+00,0.000000E+00,0.000000E+00,0.000000E+00,0.000000E+00,0.000000E+00,0.000000E+00,2.220106E+01,3.177440E+01,2.389818E+01,5.013218E+01,2.873044E+02,1.091799E+03,1.020973E-02,1.079876E-01,0.000000E+00,0.000000E+00,0.000000E+00,0.000000E+00,0.000000E+00,0.000000E+00,0.000000E+00,0.000000E+00,2.220101E+01,3.159395E+01,2.389771E+01,5.222323E+01,7.920483E+02,2.462542E+03,2.814655E-02,2.435870E-01,0.000000E+00,0.000000E+00,0.000000E+00,0.000000E+00,0.000000E+00,0.000000E+00,0.000000E+00,0.000000E+00,2.220110E+01,3.455307E+01,2.389728E+01,5.636863E+01
10:45:00,6.306064E+02,2.422972E+03,2.240944E-02,2.396443E-01,0.000000E+00,0.000000E+00,0.000000E+00,0.000000E+00,0.000000E+00,0.000000E+00,0.000000E+00,0.000000E+00,2.220104E+01,3.182751E+01,2.389779E+01,5.218050E+01,2.873044E+02,1.831966E+03,1.020973E-02,1.811776E-01,0.000000E+00,0.000000E+00,0.000000E+00,0.000000E+00,0.000000E+00,0.000000E+00,0.000000E+00,0.000000E+00,2.220101E+01,3.159395E+01,2.389823E+01,5.031827E+01,6.364026E+02,4.256133E+03,2.261543E-02,4.209242E-01,0.000000E+00,0.000000E+00,0.000000E+00,0.000000E+00,0.000000E+00,0.000000E+00,0.000000E+00,0.000000E+00,2.220106E+01,3.177440E+01,2.389821E+01,5.017177E+01,2.873044E+02,1.129845E+03,1.020973E-02,1.117469E-01,0.000000E+00,0.000000E+00,0.000000E+00,0.000000E+00,0.000000E+00,0.000000E+00,0.000000E+00,0.000000E+00,2.220101E+01,3.159395E+01,2.389780E+01,5.204337E+01,7.920483E+02,2.525657E+03,2.814655E-02,2.498163E-01,0.000000E+00,0.000000E+00,0.000000E+00,0.000000E+00,0.000000E+00,0.000000E+00,0.000000E+00,0.000000E+00,2.220110E+01,3.455307E+01,2.389742E+01,5.599149E+01
11:00:00,6.306064E+02,2.498289E+03,2.240944E-02,2.470845E-01,0.000000E+00,0.000000E+00,0.000000E+00,0.000000E+00,0.000000E+00,0.000000E+00,0.000000E+00,0.000000E+00,2.220104E+01,3.182751E+01,2.389781E+01,5.202485E+01,2.873044E+02,1.780510E+03,1.020973E-02,1.760853E-01,0.000000E+00,0.000000E+00,0.000000E+00,0.000000E+00,0.000000E+00,0.000000E+00,0.000000E+00,0.000000E+00,2.220101E+01,3.159395E+01,2.389824E+01,5.040183E+01,6.364026E+02,4.181459E+03,2.261543E-02,4.135305E-01,0.000000E+00,0.000000E+00,0.000000E+00,0.000000E+00,0.000000E+00,0.000000E+00,0.000000E+00,0.000000E+00,2.220106E+01,3.177440E+01,2.389822E+01,5.022156E+01,2.873044E+02,1.163880E+03,1.020973E-02,1.151092E-01,0.000000E+00,0.000000E+00,0.000000E+00,0.000000E+00,0.000000E+00,0.000000E+00,0.000000E+00,0.000000E+00,2.220101E+01,3.159395E+01,2.389783E+01,5.190017E+01,7.920483E+02,2.581848E+03,2.814655E-02,2.553603E-01,0.000000E+00,0.000000E+00,0.000000E+00,0.000000E+00,0.000000E+00,0.000000E+00,0.000000E+00,0.000000E+00,2.220110E+01,3.455307E+01,2.389748E+01,5.569489E+01
11:15:00,6.306064E+02,2.532509E+03,2.240944E-02,2.504632E-01,0.000000E+00,0.000000E+00,0.000000E+00,0.000000E+00,0.000000E+00,0.000000E+00,0.000000E+00,0.000000E+00,2.220104E+01,3.182751E+01,2.389792E+01,5.183675E+01,2.873044E+02,1.704597E+03,1.020973E-02,1.685757E-01,0.000000E+00,0.000000E+00,0.000000E+00,0.000000E+00,0.000000E+00,0.000000E+00,0.000000E+00,0.000000E+00,2.220101E+01,3.159395E+01,2.389833E+01,5.043805E+01,6.364026E+02,4.054803E+03,2.261543E-02,4.009996E-01,0.000000E+00,0.000000E+00,0.000000E+00,0.000000E+00,0.000000E+00,0.000000E+00,0.000000E+00,0.000000E+00,2.220106E+01,3.177440E+01,2.389831E+01,5.022266E+01,2.873044E+02,1.178755E+03,1.020973E-02,1.165777E-01,0.000000E+00,0.000000E+00,0.000000E+00,0.000000E+00,0.000000E+00,0.000000E+00,0.000000E+00,0.000000E+00,2.220101E+01,3.159395E+01,2.389793E+01,5.172098E+01,7.920483E+02,2.571881E+03,2.814655E-02,2.543661E-01,0.000000E+00,0.000000E+00,0.000000E+00,0.000000E+00,0.000000E+00,0.000000E+00,0.000000E+00,0.000000E+00,2.220110E+01,3.455307E+01,2.389763E+01,5.541181E+01
11:30:00,6.306064E+02,2.556943E+03,2.240944E-02,2.528773E-01,0.000000E+00,0.000000E+00,0.000000E+00,0.000000E+00,0.000000E+00,0.000000E+00,0.000000E+00,0.000000E+00,2.220104E+01,3.182751E+01,2.389807E+01,5.148823E+01,2.873044E+02,1.627901E+03,1.020973E-02,1.609902E-01,0.000000E+00,0.000000E+00,0.000000E+00,0.000000E+00,0.000000E+00,0.000000E+00,0.000000E+00,0.000000E+00,2.220101E+01,3.159395E+01,2.389836E+01,5.031006E+01,6.364026E+02,3.912671E+03,2.261543E-02,3.869409E-01,0.000000E+00,0.000000E+00,0.000000E+00,0.000000E+00,0.000000E+00,0.000000E+00,0.000000E+00,0.000000E+00,2.220106E+01,3.177440E+01,2.389845E+01,5.007053E+01,2.873044E+02,1.188742E+03,1.020973E-02,1.175643E-01,0.000000E+00,0.000000E+00,0.000000E+00,0.000000E+00,0.000000E+00,0.000000E+00,0.000000E+00,0.000000E+00,2.220101E+01,3.159395E+01,2.389809E+01,5.137619E+01,7.920483E+02,2.552947E+03,2.814655E-02,2.524901E-01,0.000000E+00,0.000000E+00,0.000000E+00,0.000000E+00,0.000000E+00,0.000000E+00,0.000000E+00,0.000000E+00,2.220110E+01,3.455307E+01,2.389782E+01,5.500832E+01
11:45:00,6.306064E+02,2.573435E+03,2.240944E-02,2.545057E-01,0.000000E+00,0.000000E+00,0.000000E+00,0.000000E+00,0.000000E+00,0.000000E+00,0.000000E+00,0.000000E+00,2.220104E+01,3.182751E+01,2.389820E+01,5.120838E+01,2.873044E+02,1.554877E+03,1.020973E-02,1.537681E-01,0.000000E+00,0.000000E+00,0.000000E+00,0.000000E+00,0.000000E+00,0.000000E+00,0.000000E+00,0.000000E+00,2.220101E+01,3.159395E+01,2.389834E+01,5.024993E+01,6.364026E+02,3.759192E+03,2.261543E-02,3.717595E-01,0.000000E+00,0.000000E+00,0.000000E+00,0.000000E+00,0.000000E+00,0.000000E+00,0.000000E+00,0.000000E+00,2.220106E+01,3.177440E+01,2.389856E+01,5.000390E+01,2.873044E+02,1.194786E+03,1.020973E-02,1.181609E-01,0.000000E+00,0.000000E+00,0.000000E+00,0.000000E+00,0.000000E+00,0.000000E+00,0.000000E+00,0.000000E+00,2.220101E+01,3.159395E+01,2.389822E+01,5.110817E+01,7.920483E+02,2.527490E+03,2.814655E-02,2.499693E-01,0.000000E+00,0.000000E+00,0.000000E+00,0.000000E+00,0.000000E+00,0.000000E+00,0.000000E+00,0.000000E+00,2.220110E+01,3.455307E+01,2.389792E+01,5.463679E+01
12:00:00,6.306064E+02,2.583258E+03,2.240944E-02,2.554742E-01,0.000000E+00,0.000000E+00,0.000000E+00,0.000000E+00,0.000000E+00,0.000000E+00,0.000000E+00,0.000000E+00,2.220104E+01,3.182751E+01,2.389825E+01,5.106195E+01,2.873044E+02,1.490080E+03,1.020973E-02,1.473596E-01,0.000000E+00,0.000000E+00,0.000000E+00,0.000000E+00,0.000000E+00,0.000000E+00,0.000000E+00,0.000000E+00,2.220101E+01,3.159395E+01,2.389836E+01,5.028994E+01,6.364026E+02,3.600911E+03,2.261543E-02,3.561032E-01,0.000000E+00,0.000000E+00,0.000000E+00,0.000000E+00,0.000000E+00,0.000000E+00,0.000000E+00,0.000000E+00,2.220106E+01,3.177440E+01,2.389859E+01,5.005086E+01,2.873044E+02,1.197911E+03,1.020973E-02,1.184685E-01,0.000000E+00,0.000000E+00,0.000000E+00,0.000000E+00,0.000000E+00,0.000000E+00,0.000000E+00,0.000000E+00,2.220101E+01,3.159395E+01,2.389827E+01,5.097739E+01,7.920483E+02,2.497086E+03,2.814655E-02,2.469590E-01,0.000000E+00,0.000000E+00,0.000000E+00,0.000000E+00,0.000000E+00,0.000000E+00,0.000000E+00,0.000000E+00,2.220110E+01,3.455307E+01,2.389798E+01,5.437511E+01
12:15:00,6.306064E+02,2.554329E+03,2.240944E-02,2.526100E-01,0.000000E+00,0.000000E+00,0.000000E+00,0.000000E+00,0.000000E+00,0.000000E+00,0.000000E+00,0.000000E+00,2.220104E+01,3.182751E+01,2.389844E+01,5.084927E+01,2.873044E+02,1.422733E+03,1.020973E-02,1.406988E-01,0.000000E+00,0.000000E+00,0.000000E+00,0.000000E+00,0.000000E+00,0.000000E+00,0.000000E+00,0.000000E+00,2.220101E+01,3.159395E+01,2.389852E+01,5.021272E+01,6.364026E+02,3.407906E+03,2.261543E-02,3.370128E-01,0.000000E+00,0.000000E+00,0.000000E+00,0.000000E+00,0.000000E+00,0.000000E+00,0.000000E+00,0.000000E+00,2.220106E+01,3.177440E+01,2.389874E+01,4.999986E+01,2.873044E+02,1.186840E+03,1.020973E-02,1.173722E-01,0.000000E+00,0.000000E+00,0.000000E+00,0.000000E+00,0.000000E+00,0.000000E+00,0.000000E+00,0.000000E+00,2.220101E+01,3.159395E+01,2.389845E+01,5.076737E+01,7.920483E+02,2.402337E+03,2.814655E-02,2.375852E-01,0.000000E+00,0.000000E+00,0.000000E+00,0.000000E+00,0.000000E+00,0.000000E+00,0.000000E+00,0.000000E+00,2.220110E+01,3.455307E+01,2.389823E+01,5.408411E+01
12:30:00,6.306064E+02,2.518999E+03,2.240944E-02,2.491121E-01,0.000000E+00,0.000000E+00,0.000000E+00,0.000000E+00,0.000000E+00,0.000000E+00,0.000000E+00,0.000000E+00,2.220104E+01,3.182751E+01,2.389872E+01,5.026227E+01,2.873044E+02,1.361910E+03,1.020973E-02,1.346824E-01,0.000000E+00,0.000000E+00,0.000000E+00,0.000000E+00,0.000000E+00,0.000000E+00,0.000000E+00,0.000000E+00,2.220101E+01,3.159395E+01,2.389880E+01,4.973086E+01,6.364026E+02,3.229658E+03,2.261543E-02,3.193819E-01,0.000000E+00,0.000000E+00,0.000000E+00,0.000000E+00,0.000000E+00,0.000000E+00,0.000000E+00,0.000000E+00,2.220106E+01,3.177440E+01,2.389892E+01,4.957311E+01,2.873044E+02,1.179904E+03,1.020973E-02,1.166844E-01,0.000000E+00,0.000000E+00,0.000000E+00,0.000000E+00,0.000000E+00,0.000000E+00,0.000000E+00,0.000000E+00,2.220101E+01,3.159395E+01,2.389873E+01,5.015581E+01,7.920483E+02,2.300833E+03,2.814655E-02,2.275428E-01,0.000000E+00,0.000000E+00,0.000000E+00,0.000000E+00,0.000000E+00,0.000000E+00,0.000000E+00,0.000000E+00,2.220110E+01,3.455307E+01,2.389854E+01,5.345464E+01
12:45:00,6.306064E+02,2.479509E+03,2.240944E-02,2.452020E-01,0.000000E+00,0.000000E+00,0.000000E+00,0.000000E+00,0.000000E+00,0.000000E+00,0.000000E+00,0.000000E+00,2.220104E+01,3.182751E+01,2.389896E+01,4.978332E+01,2.873044E+02,1.308057E+03,1.020973E-02,1.293545E-01,0.000000E+00,0.000000E+00,0.000000E+00,0.000000E+00,0.000000E+00,0.000000E+00,0.000000E+00,0.000000E+00,2.220101E+01,3.159395E+01,2.389905E+01,4.937306E+01,6.364026E+02,3.066903E+03,2.261543E-02,3.032832E-01,0.000000E+00,0.000000E+00,0.000000E+00,0.000000E+00,0.000000E+00,0.000000E+00,0.000000E+00,0.000000E+00,2.220106E+01,3.177440E+01,2.389906E+01,4.925767E+01,2.873044E+02,1.181808E+03,1.020973E-02,1.168704E-01,0.000000E+00,0.000000E+00,0.000000E+00,0.000000E+00,0.000000E+00,0.000000E+00,0.000000E+00,0.000000E+00,2.220101E+01,3.159395E+01,2.389896E+01,4.965219E+01,7.920483E+02,2.194720E+03,2.814655E-02,2.170443E-01,0.000000E+00,0.000000E+00,0.000000E+00,0.000000E+00,0.000000E+00,0.000000E+00,0.000000E+00,0.000000E+00,2.220110E+01,3.455307E+01,2.389871E+01,5.282403E+01
13:00:00,6.306064E+02,2.437303E+03,2.240944E-02,2.410233E-01,0.000000E+00,0.000000E+00,0.000000E+00,0.000000E+00,0.000000E+00,0.000000E+00,0.000000E+00,0.000000E+00,2.220104E+01,3.182751E+01,2.389904E+01,4.957358E+01,2.873044E+02,1.259333E+03,1.020973E-02,1.245337E-01,0.000000E+00,0.000000E+00,0.000000E+00,0.000000E+00,0.000000E+00,0.000000E+00,0.000000E+00,0.000000E+00,2.220101E+01,3.159395E+01,2.389911E+01,4.926211E+01,6.364026E+02,2.921528E+03,2.261543E-02,2.889031E-01,0.000000E+00,0.000000E+00,0.000000E+00,0.000000E+00,0.000000E+00,0.000000E+00,0.000000E+00,0.000000E+00,2.220106E+01,3.177440E+01,2.389912E+01,4.916836E+01,2.873044E+02,1.196462E+03,1.020973E-02,1.183172E-01,0.000000E+00,0.000000E+00,0.000000E+00,0.000000E+00,0.000000E+00,0.000000E+00,0.000000E+00,0.000000E+00,2.220101E+01,3.159395E+01,2.389903E+01,4.942169E+01,7.920483E+02,2.085840E+03,2.814655E-02,2.062721E-01,0.000000E+00,0.000000E+00,0.000000E+00,0.000000E+00,0.000000E+00,0.000000E+00,0.000000E+00,0.000000E+00,2.220110E+01,3.455307E+01,2.389876E+01,5.241895E+01
13:15:00,6.306064E+02,2.520648E+03,2.240944E-02,2.492637E-01,0.000000E+00,0.000000E+00,0.000000E+00,0.000000E+00,0.000000E+00,0.000000E+00,0.000000E+00,0.000000E+00,2.220104E+01,3.182751E+01,2.389870E+01,4.949385E+01,2.873044E+02,1.272192E+03,1.020973E-02,1.258043E-01,0.000000E+00,0.000000E+00,0.000000E+00,0.000000E+00,0.000000E+00,0.000000E+00,0.000000E+00,0.000000E+00,2.220101E+01,3.159395E+01,2.389883E+01,4.924743E+01,6.364026E+02,2.925304E+03,2.261543E-02,2.892759E-01,0.000000E+00,0.000000E+00,0.000000E+00,0.000000E+00,0.000000E+00,0.000000E+00,0.000000E+00,0.000000E+00,2.220106E+01,3.177440E+01,2.389882E+01,4.916661E+01,2.873044E+02,1.282374E+03,1.020973E-02,1.268125E-01,0.000000E+00,0.000000E+00,0.000000E+00,0.000000E+00,0.000000E+00,0.000000E+00,0.000000E+00,0.000000E+00,2.220101E+01,3.159395E+01,2.389868E+01,4.931079E+01,7.920483E+02,2.203707E+03,2.814655E-02,2.179288E-01,0.000000E+00,0.000000E+00,0.000000E+00,0.000000E+00,0.000000E+00,0.000000E+00,0.000000E+00,0.000000E+00,2.220110E+01,3.455307E+01,2.389819E+01,5.217305E+01
13:30:00,6.306064E+02,2.610358E+03,2.240944E-02,2.581361E-01,0.000000E+00,0.000000E+00,0.000000E+00,0.000000E+00,0.000000E+00,0.000000E+00,0.000000E+00,0.000000E+00,2.220104E+01,3.182751E+01,2.389857E+01,4.989775E+01,2.873044E+02,1.292092E+03,1.020973E-02,1.277725E-01,0.000000E+00,0.000000E+00,0.000000E+00,0.000000E+00,0.000000E+00,0.000000E+00,0.000000E+00,0.000000E+00,2.220101E+01,3.159395E+01,2.389871E+01,4.971975E+01,6.364026E+02,2.945012E+03,2.261543E-02,2.912265E-01,0.000000E+00,0.000000E+00,0.000000E+00,0.000000E+00,0.000000E+00,0.000000E+00,0.000000E+00,0.000000E+00,2.220106E+01,3.177440E+01,2.389870E+01,4.963528E+01,2.873044E+02,1.384819E+03,1.020973E-02,1.369440E-01,0.000000E+00,0.000000E+00,0.000000E+00,0.000000E+00,0.000000E+00,0.000000E+00,0.000000E+00,0.000000E+00,2.220101E+01,3.159395E+01,2.389853E+01,4.965419E+01,7.920483E+02,2.331780E+03,2.814655E-02,2.305986E-01,0.000000E+00,0.000000E+00,0.000000E+00,0.000000E+00,0.000000E+00,0.000000E+00,0.000000E+00,0.000000E+00,2.220110E+01,3.455307E+01,2.389787E+01,5.238298E+01
13:45:00,6.306064E+02,2.703189E+03,2.240944E-02,2.673208E-01,0.000000E+00,0.000000E+00,0.000000E+00,0.000000E+00,0.000000E+00,0.000000E+00,0.000000E+00,0.000000E+00,2.220104E+01,3.182751E+01,2.389827E+01,5.036315E+01,2.873044E+02,1.316949E+03,1.020973E-02,1.302328E-01,0.000000E+00,0.000000E+00,0.000000E+00,0.000000E+00,0.000000E+00,0.000000E+00,0.000000E+00,0.000000E+00,2.220101E+01,3.159395E+01,2.389837E+01,5.021472E+01,6.364026E+02,2.981235E+03,2.261543E-02,2.948138E-01,0.000000E+00,0.000000E+00,0.000000E+00,0.000000E+00,0.000000E+00,0.000000E+00,0.000000E+00,0.000000E+00,2.220106E+01,3.177440E+01,2.389835E+01,5.012765E+01,2.873044E+02,1.500838E+03,1.020973E-02,1.484202E-01,0.000000E+00,0.000000E+00,0.000000E+00,0.000000E+00,0.000000E+00,0.000000E+00,0.000000E+00,0.000000E+00,2.220101E+01,3.159395E+01,2.389816E+01,4.999203E+01,7.920483E+02,2.466820E+03,2.814655E-02,2.439592E-01,0.000000E+00,0.000000E+00,0.000000E+00,0.000000E+00,0.000000E+00,0.000000E+00,0.000000E+00,0.000000E+00,2.220110E+01,3.455307E+01,2.389772E+01,5.280054E+01
14:00:00,6.306064E+02,2.797315E+03,2.240944E-02,2.766367E-01,0.000000E+00,0.000000E+00,0.000000E+00,0.000000E+00,0.000000E+00,0.000000E+00,0.000000E+00,0.000000E+00,2.220104E+01,3.182751E+01,2.389790E+01,5.062509E+01,2.873044E+02,1.345241E+03,1.020973E-02,1.330344E-01,0.000000E+00,0.000000E+00,0.000000E+00,0.000000E+00,0.000000E+00,0.000000E+00,0.000000E+00,0.000000E+00,2.220101E+01,3.159395E+01,2.389797E+01,5.048227E+01,6.364026E+02,3.029728E+03,2.261543E-02,2.996180E-01,0.000000E+00,0.000000E+00,0.000000E+00,0.000000E+00,0.000000E+00,0.000000E+00,0.000000E+00,0.000000E+00,2.220106E+01,3.177440E+01,2.389794E+01,5.040273E+01,2.873044E+02,1.627478E+03,1.020973E-02,1.609491E-01,0.000000E+00,0.000000E+00,0.000000E+00,0.000000E+00,0.000000E+00,0.000000E+00,0.000000E+00,0.000000E+00,2.220101E+01,3.159395E+01,2.389772E+01,5.007577E+01,7.920483E+02,2.606418E+03,2.814655E-02,2.577724E-01,0.000000E+00,0.000000E+00,0.000000E+00,0.000000E+00,0.000000E+00,0.000000E+00,0.000000E+00,0.000000E+00,2.220110E+01,3.455307E+01,2.389750E+01,5.314740E+01
14:15:00,6.306064E+02,2.843181E+03,2.240944E-02,2.811802E-01,0.000000E+00,0.000000E+00,0.000000E+00,0.000000E+00,0.000000E+00,0.000000E+00,0.000000E+00,0.000000E+00,2.220104E+01,3.182751E+01,2.389764E+01,5.069497E+01,2.873044E+02,1.354151E+03,1.020973E-02,1.339192E-01,0.000000E+00,0.000000E+00,0.000000E+00,0.000000E+00,0.000000E+00,0.000000E+00,0.000000E+00,0.000000E+00,2.220101E+01,3.159395E+01,2.389772E+01,5.055692E+01,6.364026E+02,3.037983E+03,2.261543E-02,3.004432E-01,0.000000E+00,0.000000E+00,0.000000E+00,0.000000E+00,0.000000E+00,0.000000E+00,0.000000E+00,0.000000E+00,2.220106E+01,3.177440E+01,2.389768E+01,5.049042E+01,2.873044E+02,1.758504E+03,1.020973E-02,1.739125E-01,0.000000E+00,0.000000E+00,0.000000E+00,0.000000E+00,0.000000E+00,0.000000E+00,0.000000E+00,0.000000E+00,2.220101E+01,3.159395E+01,2.389743E+01,4.996806E+01,7.920483E+02,2.661604E+03,2.814655E-02,2.632362E-01,0.000000E+00,0.000000E+00,0.000000E+00,0.000000E+00,0.000000E+00,0.000000E+00,0.000000E+00,0.000000E+00,2.220110E+01,3.455307E+01,2.389729E+01,5.334619E+01
14:30:00,6.306064E+02,2.887033E+03,2.240944E-02,2.855248E-01,0.000000E+00,0.000000E+00,0.000000E+00,0.000000E+00,0.000000E+00,0.000000E+00,0.000000E+00,0.000000E+00,2.220104E+01,3.182751E+01,2.389749E+01,5.090865E+01,2.873044E+02,1.363631E+03,1.020973E-02,1.348606E-01,0.000000E+00,0.000000E+00,0.000000E+00,0.000000E+00,0.000000E+00,0.000000E+00,0.000000E+00,0.000000E+00,2.220101E+01,3.159395E+01,2.389758E+01,5.078883E+01,6.364026E+02,3.048722E+03,2.261543E-02,3.015141E-01,0.000000E+00,0.000000E+00,0.000000E+00,0.000000E+00,0.000000E+00,0.000000E+00,0.000000E+00,0.000000E+00,2.220106E+01,3.177440E+01,2.389753E+01,5.072754E+01,2.873044E+02,1.902491E+03,1.020973E-02,1.881565E-01,0.000000E+00,0.000000E+00,0.000000E+00,0.000000E+00,0.000000E+00,0.000000E+00,0.000000E+00,0.000000E+00,2.220101E+01,3.159395E+01,2.389763E+01,4.997691E+01,7.920483E+02,2.717260E+03,2.814655E-02,2.687462E-01,0.000000E+00,0.000000E+00,0.000000E+00,0.000000E+00,0.000000E+00,0.000000E+00,0.000000E+00,0.000000E+00,2.220110E+01,3.455307E+01,2.389707E+01,5.368129E+01
14:45:00,6.306064E+02,2.928749E+03,2.240944E-02,2.896576E-01,0.000000E+00,0.000000E+00,0.000000E+00,0.000000E+00,0.000000E+00,0.000000E+00,0.000000E+00,0.000000E+00,2.220104E+01,3.182751E+01,2.389729E+01,5.112025E+01,2.873044E+02,1.373143E+03,1.020973E-02,1.358047E-01,0.000000E+00,0.000000E+00,0.000000E+00,0.000000E+00,0.000000E+00,0.000000E+00,0.000000E+00,0.000000E+00,2.220101E+01,3.159395E+01,2.389739E+01,5.101926E+01,6.364026E+02,3.060930E+03,2.261543E-02,3.027292E-01,0.000000E+00,0.000000E+00,0.000000E+00,0.000000E+00,0.000000E+00,0.000000E+00,0.000000E+00,0.000000E+00,2.220106E+01,3.177440E+01,2.389733E+01,5.096368E+01,2.873044E+02,2.056399E+03,1.020973E-02,2.033810E-01,0.000000E+00,0.000000E+00,0.000000E+00,0.000000E+00,0.000000E+00,0.000000E+00,0.000000E+00,0.000000E+00,2.220101E+01,3.159395E+01,2.389754E+01,4.996342E+01,7.920483E+02,2.773049E+03,2.814655E-02,2.742699E-01,0.000000E+00,0.000000E+00,0.000000E+00,0.000000E+00,0.000000E+00,0.000000E+00,0.000000E+00,0.000000E+00,2.220110E+01,3.455307E+01,2.389685E+01,5.401818E+01
15:00:00,6.306064E+02,2.967912E+03,2.240944E-02,2.935368E-01,0.000000E+00,0.000000E+00,0.000000E+00,0.000000E+00,0.000000E+00,0.000000E+00,0.000000E+00,0.000000E+00,2.220104E+01,3.182751E+01,2.389709E+01,5.123066E+01,2.873044E+02,1.382189E+03,1.020973E-02,1.367020E-01,0.000000E+00,0.000000E+00,0.000000E+00,0.000000E+00,0.000000E+00,0.000000E+00,0.000000E+00,0.000000E+00,2.220101E+01,3.159395E+01,2.389719E+01,5.114528E+01,6.364026E+02,3.073500E+03,2.261543E-02,3.039786E-01,0.000000E+00,0.000000E+00,0.000000E+00,0.000000E+00,0.000000E+00,0.000000E+00,0.000000E+00,0.000000E+00,2.220106E+01,3.177440E+01,2.389713E+01,5.109874E+01,2.873044E+02,2.217169E+03,1.020973E-02,2.192831E-01,0.000000E+00,0.000000E+00,0.000000E+00,0.000000E+00,0.000000E+00,0.000000E+00,0.000000E+00,0.000000E+00,2.220101E+01,3.159395E+01,2.389740E+01,4.986665E+01,7.920483E+02,2.828581E+03,2.814655E-02,2.797683E-01,0.000000E+00,0.000000E+00,0.000000E+00,0.000000E+00,0.000000E+00,0.000000E+00,0.000000E+00,0.000000E+00,2.220110E+01,3.455307E+01,2.389663E+01,5.424947E+01
15:15:00,6.306064E+02,2.969871E+03,2.240944E-02,2.937355E-01,0.000000E+00,0.000000E+00,0.000000E+00,0.000000E+00,0.000000E+00,0.000000E+00,0.000000E+00,0.000000E+00,2.220104E+01,3.182751E+01,2.389696E+01,5.125255E+01,2.873044E+02,1.373595E+03,1.020973E-02,1.358542E-01,0.000000E+00,0.000000E+00,0.000000E+00,0.000000E+00,0.000000E+00,0.000000E+00,0.000000E+00,0.000000E+00,2.220101E+01,3.159395E+01,2.389707E+01,5.118303E+01,6.364026E+02,3.048529E+03,2.261543E-02,3.015140E-01,0.000000E+00,0.000000E+00,0.000000E+00,0.000000E+00,0.000000E+00,0.000000E+00,0.000000E+00,0.000000E+00,2.220106E+01,3.177440E+01,2.389699E+01,5.114584E+01,2.873044E+02,2.351538E+03,1.020973E-02,2.325731E-01,0.000000E+00,0.000000E+00,0.000000E+00,0.000000E+00,0.000000E+00,0.000000E+00,0.000000E+00,0.000000E+00,2.220101E+01,3.159395E+01,2.389733E+01,4.973083E+01,7.920483E+02,2.822659E+03,2.814655E-02,2.791882E-01,0.000000E+00,0.000000E+00,0.000000E+00,0.000000E+00,0.000000E+00,0.000000E+00,0.000000E+00,0.000000E+00,2.220110E+01,3.455307E+01,2.389647E+01,5.436431E+01
15:30:00,6.306064E+02,2.964548E+03,2.240944E-02,2.932128E-01,0.000000E+00,0.000000E+00,0.000000E+00,0.000000E+00,0.000000E+00,0.000000E+00,0.000000E+00,0.000000E+00,2.220104E+01,3.182751E+01,2.389698E+01,5.127052E+01,2.873044E+02,1.361715E+03,1.020973E-02,1.346809E-01,0.000000E+00,0.000000E+00,0.000000E+00,0.000000E+00,0.000000E+00,0.000000E+00,0.000000E+00,0.000000E+00,2.220101E+01,3.159395E+01,2.389709E+01,5.122270E+01,6.364026E+02,3.017754E+03,2.261543E-02,2.984741E-01,0.000000E+00,0.000000E+00,0.000000E+00,0.000000E+00,0.000000E+00,0.000000E+00,0.000000E+00,0.000000E+00,2.220106E+01,3.177440E+01,2.389702E+01,5.119255E+01,2.873044E+02,2.477242E+03,1.020973E-02,2.450072E-01,0.000000E+00,0.000000E+00,0.000000E+00,0.000000E+00,0.000000E+00,0.000000E+00,0.000000E+00,0.000000E+00,2.220101E+01,3.159395E+01,2.389736E+01,4.961478E+01,7.920483E+02,2.811661E+03,2.814655E-02,2.781043E-01,0.000000E+00,0.000000E+00,0.000000E+00,0.000000E+00,0.000000E+00,0.000000E+00,0.000000E+00,0.000000E+00,2.220110E+01,3.455307E+01,2.389653E+01,5.447306E+01
15:45:00,6.306064E+02,2.952163E+03,2.240944E-02,2.919903E-01,0.000000E+00,0.000000E+00,0.000000E+00,0.000000E+00,0.000000E+00,0.000000E+00,0.000000E+00,0.000000E+00,2.220104E+01,3.182751E+01,2.389697E+01,5.129071E+01,2.873044E+02,1.346895E+03,1.020973E-02,1.332161E-01,0.000000E+00,0.000000E+00,0.000000E+00,0.000000E+00,0.000000E+00,0.000000E+00,0.000000E+00,0.000000E+00,2.220101E+01,3.159395E+01,2.389709E+01,5.126756E+01,6.364026E+02,2.981756E+03,2.261543E-02,2.949162E-01,0.000000E+00,0.000000E+00,0.000000E+00,0.000000E+00,0.000000E+00,0.000000E+00,0.000000E+00,0.000000E+00,2.220106E+01,3.177440E+01,2.389700E+01,5.124199E+01,2.873044E+02,2.592374E+03,1.020973E-02,2.563950E-01,0.000000E+00,0.000000E+00,0.000000E+00,0.000000E+00,0.000000E+00,0.000000E+00,0.000000E+00,0.000000E+00,2.220101E+01,3.159395E+01,2.389739E+01,4.952334E+01,7.920483E+02,2.796451E+03,2.814655E-02,2.766025E-01,0.000000E+00,0.000000E+00,0.000000E+00,0.000000E+00,0.000000E+00,0.000000E+00,0.000000E+00,0.000000E+00,2.220110E+01,3.455307E+01,2.389647E+01,5.456438E+01
16:00:00,6.306064E+02,2.932199E+03,2.240944E-02,2.900166E-01,0.000000E+00,0.000000E+00,0.000000E+00,0.000000E+00,0.000000E+00,0.000000E+00,0.000000E+00,0.000000E+00,2.220104E+01,3.182751E+01,2.389696E+01,5.130673E+01,2.873044E+02,1.329215E+03,1.020973E-02,1.314679E-01,0.000000E+00,0.000000E+00,0.000000E+00,0.000000E+00,0.000000E+00,0.000000E+00,0.000000E+00,0.000000E+00,2.220101E+01,3.159395E+01,2.389707E+01,5.130749E+01,6.364026E+02,2.940475E+03,2.261543E-02,2.908342E-01,0.000000E+00,0.000000E+00,0.000000E+00,0.000000E+00,0.000000E+00,0.000000E+00,0.000000E+00,0.000000E+00,2.220106E+01,3.177440E+01,2.389699E+01,5.128459E+01,2.873044E+02,2.694251E+03,1.020973E-02,2.664709E-01,0.000000E+00,0.000000E+00,0.000000E+00,0.000000E+00,0.000000E+00,0.000000E+00,0.000000E+00,0.000000E+00,2.220101E+01,3.159395E+01,2.389741E+01,4.944868E+01,7.920483E+02,2.777441E+03,2.814655E-02,2.747239E-01,0.000000E+00,0.000000E+00,0.000000E+00,0.000000E+00,0.000000E+00,0.000000E+00,0.000000E+00,0.000000E+00,2.220110E+01,3.455307E+01,2.389640E+01,5.462038E+01
16:15:00,6.306064E+02,2.884728E+03,2.240944E-02,2.853215E-01,0.000000E+00,0.000000E+00,0.000000E+00,0.000000E+00,0.000000E+00,0.000000E+00,0.000000E+00,0.000000E+00,2.220104E+01,3.182751E+01,2.389695E+01,5.131967E+01,2.873044E+02,1.301510E+03,1.020973E-02,1.287277E-01,0.000000E+00,0.000000E+00,0.000000E+00,0.000000E+00,0.000000E+00,0.000000E+00,0.000000E+00,0.000000E+00,2.220101E+01,3.159395E+01,2.389706E+01,5.134161E+01,6.364026E+02,2.877187E+03,2.261543E-02,2.845747E-01,0.000000E+00,0.000000E+00,0.000000E+00,0.000000E+00,0.000000E+00,0.000000E+00,0.000000E+00,0.000000E+00,2.220106E+01,3.177440E+01,2.389697E+01,5.131986E+01,2.873044E+02,2.768539E+03,1.020973E-02,2.738175E-01,0.000000E+00,0.000000E+00,0.000000E+00,0.000000E+00,0.000000E+00,0.000000E+00,0.000000E+00,0.000000E+00,2.220101E+01,3.159395E+01,2.389744E+01,4.938814E+01,7.920483E+02,2.718172E+03,2.814655E-02,2.688622E-01,0.000000E+00,0.000000E+00,0.000000E+00,0.000000E+00,0.000000E+00,0.000000E+00,0.000000E+00,0.000000E+00,2.220110E+01,3.455307E+01,2.389635E+01,5.464270E+01
16:30:00,6.306064E+02,2.826800E+03,2.240944E-02,2.795912E-01,0.000000E+00,0.000000E+00,0.000000E+00,0.000000E+00,0.000000E+00,0.000000E+00,0.000000E+00,0.000000E+00,2.220104E+01,3.182751E+01,2.389709E+01,5.140549E+01,2.873044E+02,1.270043E+03,1.020973E-02,1.256151E-01,0.000000E+00,0.000000E+00,0.000000E+00,0.000000E+00,0.000000E+00,0.000000E+00,0.000000E+00,0.000000E+00,2.220101E+01,3.159395E+01,2.389719E+01,5.144514E+01,6.364026E+02,2.806261E+03,2.261543E-02,2.775590E-01,0.000000E+00,0.000000E+00,0.000000E+00,0.000000E+00,0.000000E+00,0.000000E+00,0.000000E+00,0.000000E+00,2.220106E+01,3.177440E+01,2.389711E+01,5.142382E+01,2.873044E+02,2.826049E+03,1.020973E-02,2.795044E-01,0.000000E+00,0.000000E+00,0.000000E+00,0.000000E+00,0.000000E+00,0.000000E+00,0.000000E+00,0.000000E+00,2.220101E+01,3.159395E+01,2.389751E+01,4.936432E+01,7.920483E+02,2.654725E+03,2.814655E-02,2.625856E-01,0.000000E+00,0.000000E+00,0.000000E+00,0.000000E+00,0.000000E+00,0.000000E+00,0.000000E+00,0.000000E+00,2.220110E+01,3.455307E+01,2.389666E+01,5.479934E+01
16:45:00,6.306064E+02,2.758857E+03,2.240944E-02,2.728703E-01,0.000000E+00,0.000000E+00,0.000000E+00,0.000000E+00,0.000000E+00,0.000000E+00,0.000000E+00,0.000000E+00,2.220104E+01,3.182751E+01,2.389710E+01,5.151378E+01,2.873044E+02,1.235472E+03,1.020973E-02,1.221956E-01,0.000000E+00,0.000000E+00,0.000000E+00,0.000000E+00,0.000000E+00,0.000000E+00,0.000000E+00,0.000000E+00,2.220101E+01,3.159395E+01,2.389719E+01,5.156937E+01,6.364026E+02,2.729162E+03,2.261543E-02,2.699327E-01,0.000000E+00,0.000000E+00,0.000000E+00,0.000000E+00,0.000000E+00,0.000000E+00,0.000000E+00,0.000000E+00,2.220106E+01,3.177440E+01,2.389711E+01,5.154842E+01,2.873044E+02,2.862809E+03,1.020973E-02,2.831391E-01,0.000000E+00,0.000000E+00,0.000000E+00,0.000000E+00,0.000000E+00,0.000000E+00,0.000000E+00,0.000000E+00,2.220101E+01,3.159395E+01,2.389752E+01,4.934707E+01,7.920483E+02,2.586977E+03,2.814655E-02,2.558834E-01,0.000000E+00,0.000000E+00,0.000000E+00,0.000000E+00,0.000000E+00,0.000000E+00,0.000000E+00,0.000000E+00,2.220110E+01,3.455307E+01,2.389663E+01,5.500065E+01
17:00:00,6.306064E+02,2.681114E+03,2.240944E-02,2.651802E-01,0.000000E+00,0.000000E+00,0.000000E+00,0.000000E+00,0.000000E+00,0.000000E+00,0.000000E+00,0.000000E+00,2.220104E+01,3.182751E+01,2.389707E+01,5.160818E+01,2.873044E+02,1.197800E+03,1.020973E-02,1.184692E-01,0.000000E+00,0.000000E+00,0.000000E+00,0.000000E+00,0.000000E+00,0.000000E+00,0.000000E+00,0.000000E+00,2.220101E+01,3.159395E+01,2.389716E+01,5.167680E+01,6.364026E+02,2.645769E+03,2.261543E-02,2.616840E-01,0.000000E+00,0.000000E+00,0.000000E+00,0.000000E+00,0.000000E+00,0.000000E+00,0.000000E+00,0.000000E+00,2.220106E+01,3.177440E+01,2.389708E+01,5.165555E+01,2.873044E+02,2.875775E+03,1.020973E-02,2.844206E-01,0.000000E+00,0.000000E+00,0.000000E+00,0.000000E+00,0.000000E+00,0.000000E+00,0.000000E+00,0.000000E+00,2.220101E+01,3.159395E+01,2.389753E+01,4.933177E+01,7.920483E+02,2.515115E+03,2.814655E-02,2.487744E-01,0.000000E+00,0.000000E+00,0.000000E+00,0.000000E+00,0.000000E+00,0.000000E+00,0.000000E+00,0.000000E+00,2.220110E+01,3.455307E+01,2.389655E+01,5.516676E+01
17:15:00,6.306064E+02,2.634499E+03,2.240944E-02,2.605688E-01,0.000000E+00,0.000000E+00,0.000000E+00,0.000000E+00,0.000000E+00,0.000000E+00,0.000000E+00,0.000000E+00,2.220104E+01,3.182751E+01,2.389705E+01,5.168771E+01,2.873044E+02,1.173960E+03,1.020973E-02,1.161112E-01,0.000000E+00,0.000000E+00,0.000000E+00,0.000000E+00,0.000000E+00,0.000000E+00,0.000000E+00,0.000000E+00,2.220101E+01,3.159395E+01,2.389714E+01,5.176608E+01,6.364026E+02,2.595056E+03,2.261543E-02,2.566676E-01,0.000000E+00,0.000000E+00,0.000000E+00,0.000000E+00,0.000000E+00,0.000000E+00,0.000000E+00,0.000000E+00,2.220106E+01,3.177440E+01,2.389705E+01,5.174312E+01,2.873044E+02,2.877392E+03,1.020973E-02,2.845797E-01,0.000000E+00,0.000000E+00,0.000000E+00,0.000000E+00,0.000000E+00,0.000000E+00,0.000000E+00,0.000000E+00,2.220101E+01,3.159395E+01,2.389756E+01,4.932844E+01,7.920483E+02,2.512370E+03,2.814655E-02,2.485022E-01,0.000000E+00,0.000000E+00,0.000000E+00,0.000000E+00,0.000000E+00,0.000000E+00,0.000000E+00,0.000000E+00,2.220110E+01,3.455307E+01,2.389647E+01,5.527845E+01
17:30:00,6.306064E+02,2.583647E+03,2.240944E-02,2.555395E-01,0.000000E+00,0.000000E+00,0.000000E+00,0.000000E+00,0.000000E+00,0.000000E+00,0.000000E+00,0.000000E+00,2.220104E+01,3.182751E+01,2.389705E+01,5.176416E+01,2.873044E+02,1.148333E+03,1.020973E-02,1.135766E-01,0.000000E+00,0.000000E+00,0.000000E+00,0.000000E+00,0.000000E+00,0.000000E+00,0.000000E+00,0.000000E+00,2.220101E+01,3.159395E+01,2.389714E+01,5.185219E+01,6.364026E+02,2.540614E+03,2.261543E-02,2.512832E-01,0.000000E+00,0.000000E+00,0.000000E+00,0.000000E+00,0.000000E+00,0.000000E+00,0.000000E+00,0.000000E+00,2.220106E+01,3.177440E+01,2.389705E+01,5.182604E+01,2.873044E+02,2.842156E+03,1.020973E-02,2.810941E-01,0.000000E+00,0.000000E+00,0.000000E+00,0.000000E+00,0.000000E+00,0.000000E+00,0.000000E+00,0.000000E+00,2.220101E+01,3.159395E+01,2.389760E+01,4.934637E+01,7.920483E+02,2.506666E+03,2.814655E-02,2.479395E-01,0.000000E+00,0.000000E+00,0.000000E+00,0.000000E+00,0.000000E+00,0.000000E+00,0.000000E+00,0.000000E+00,2.220110E+01,3.455307E+01,2.389643E+01,5.534986E+01
17:45:00,6.306064E+02,2.527224E+03,2.240944E-02,2.499592E-01,0.000000E+00,0.000000E+00,0.000000E+00,0.000000E+00,0.000000E+00,0.000000E+00,0.000000E+00,0.000000E+00,2.220104E+01,3.182751E+01,2.389706E+01,5.184650E+01,2.873044E+02,1.119417E+03,1.020973E-02,1.107167E-01,0.000000E+00,0.000000E+00,0.000000E+00,0.000000E+00,0.000000E+00,0.000000E+00,0.000000E+00,0.000000E+00,2.220101E+01,3.159395E+01,2.389716E+01,5.194853E+01,6.364026E+02,2.478786E+03,2.261543E-02,2.451684E-01,0.000000E+00,0.000000E+00,0.000000E+00,0.000000E+00,0.000000E+00,0.000000E+00,0.000000E+00,0.000000E+00,2.220106E+01,3.177440E+01,2.389706E+01,5.191805E+01,2.873044E+02,2.762424E+03,1.020973E-02,2.732077E-01,0.000000E+00,0.000000E+00,0.000000E+00,0.000000E+00,0.000000E+00,0.000000E+00,0.000000E+00,0.000000E+00,2.220101E+01,3.159395E+01,2.389765E+01,4.939278E+01,7.920483E+02,2.497632E+03,2.814655E-02,2.470473E-01,0.000000E+00,0.000000E+00,0.000000E+00,0.000000E+00,0.000000E+00,0.000000E+00,0.000000E+00,0.000000E+00,2.220110E+01,3.455307E+01,2.389640E+01,5.540113E+01
18:00:00,6.306064E+02,2.466207E+03,2.240944E-02,2.439242E-01,0.000000E+00,0.000000E+00,0.000000E+00,0.000000E+00,0.000000E+00,0.000000E+00,0.000000E+00,0.000000E+00,2.220104E+01,3.182751E+01,2.389708E+01,5.194123E+01,2.873044E+02,1.086221E+03,1.020973E-02,1.074334E-01,0.000000E+00,0.000000E+00,0.000000E+00,0.000000E+00,0.000000E+00,0.000000E+00,0.000000E+00,0.000000E+00,2.220101E+01,3.159395E+01,2.389718E+01,5.206330E+01,6.364026E+02,2.407173E+03,2.261543E-02,2.380853E-01,0.000000E+00,0.000000E+00,0.000000E+00,0.000000E+00,0.000000E+00,0.000000E+00,0.000000E+00,0.000000E+00,2.220106E+01,3.177440E+01,2.389709E+01,5.202777E+01,2.873044E+02,2.625839E+03,1.020973E-02,2.596980E-01,0.000000E+00,0.000000E+00,0.000000E+00,0.000000E+00,0.000000E+00,0.000000E+00,0.000000E+00,0.000000E+00,2.220101E+01,3.159395E+01,2.389772E+01,4.947796E+01,7.920483E+02,2.484553E+03,2.814655E-02,2.457545E-01,0.000000E+00,0.000000E+00,0.000000E+00,0.000000E+00,0.000000E+00,0.000000E+00,0.000000E+00,0.000000E+00,2.220110E+01,3.455307E+01,2.389640E+01,5.544709E+01
18:15:00,6.306064E+02,2.258888E+03,2.240944E-02,2.234188E-01,0.000000E+00,0.000000E+00,0.000000E+00,0.000000E+00,0.000000E+00,0.000000E+00,0.000000E+00,0.000000E+00,2.220104E+01,3.182751E+01,2.389710E+01,5.204924E+01,2.873044E+02,9.877946E+02,1.020973E-02,9.769836E-02,0.000000E+00,0.000000E+00,0.000000E+00,0.000000E+00,0.000000E+00,0.000000E+00,0.000000E+00,0.000000E+00,2.220101E+01,3.159395E+01,2.389721E+01,5.220270E+01,6.364026E+02,2.189602E+03,2.261543E-02,2.165657E-01,0.000000E+00,0.000000E+00,0.000000E+00,0.000000E+00,0.000000E+00,0.000000E+00,0.000000E+00,0.000000E+00,2.220106E+01,3.177440E+01,2.389713E+01,5.216174E+01,2.873044E+02,2.349567E+03,1.020973E-02,2.323731E-01,0.000000E+00,0.000000E+00,0.000000E+00,0.000000E+00,0.000000E+00,0.000000E+00,0.000000E+00,0.000000E+00,2.220101E+01,3.159395E+01,2.389782E+01,4.962369E+01,7.920483E+02,2.227796E+03,2.814655E-02,2.203583E-01,0.000000E+00,0.000000E+00,0.000000E+00,0.000000E+00,0.000000E+00,0.000000E+00,0.000000E+00,0.000000E+00,2.220110E+01,3.455307E+01,2.389641E+01,5.549648E+01
18:30:00,6.306064E+02,2.027133E+03,2.240944E-02,2.004940E-01,0.000000E+00,0.000000E+00,0.000000E+00,0.000000E+00,0.000000E+00,0.000000E+00,0.000000E+00,0.000000E+00,2.220104E+01,3.182751E+01,2.389774E+01,5.178381E+01,2.873044E+02,8.806522E+02,1.020973E-02,8.710015E-02,0.000000E+00,0.000000E+00,0.000000E+00,0.000000E+00,0.000000E+00,0.000000E+00,0.000000E+00,0.000000E+00,2.220101E+01,3.159395E+01,2.389785E+01,5.195755E+01,6.364026E+02,1.953039E+03,2.261543E-02,1.931654E-01,0.000000E+00,0.000000E+00,0.000000E+00,0.000000E+00,0.000000E+00,0.000000E+00,0.000000E+00,0.000000E+00,2.220106E+01,3.177440E+01,2.389778E+01,5.192924E+01,2.873044E+02,2.008326E+03,1.020973E-02,1.986219E-01,0.000000E+00,0.000000E+00,0.000000E+00,0.000000E+00,0.000000E+00,0.000000E+00,0.000000E+00,0.000000E+00,2.220101E+01,3.159395E+01,2.389820E+01,4.942774E+01,7.920483E+02,1.949832E+03,2.814655E-02,1.928596E-01,0.000000E+00,0.000000E+00,0.000000E+00,0.000000E+00,0.000000E+00,0.000000E+00,0.000000E+00,0.000000E+00,2.220110E+01,3.455307E+01,2.389772E+01,5.536313E+01
18:45:00,6.306064E+02,1.785375E+03,2.240944E-02,1.765787E-01,0.000000E+00,0.000000E+00,0.000000E+00,0.000000E+00,0.000000E+00,0.000000E+00,0.000000E+00,0.000000E+00,2.220104E+01,3.182751E+01,2.389810E+01,5.147923E+01,2.873044E+02,7.704374E+02,1.020973E-02,7.619768E-02,0.000000E+00,0.000000E+00,0.000000E+00,0.000000E+00,0.000000E+00,0.000000E+00,0.000000E+00,0.000000E+00,2.220101E+01,3.159395E+01,2.389818E+01,5.166322E+01,6.364026E+02,1.709807E+03,2.261543E-02,1.691045E-01,0.000000E+00,0.000000E+00,0.000000E+00,0.000000E+00,0.000000E+00,0.000000E+00,0.000000E+00,0.000000E+00,2.220106E+01,3.177440E+01,2.389811E+01,5.164481E+01,2.873044E+02,1.653071E+03,1.020973E-02,1.634839E-01,0.000000E+00,0.000000E+00,0.000000E+00,0.000000E+00,0.000000E+00,0.000000E+00,0.000000E+00,0.000000E+00,2.220101E+01,3.159395E+01,2.389868E+01,4.932558E+01,7.920483E+02,1.655250E+03,2.814655E-02,1.637164E-01,0.000000E+00,0.000000E+00,0.000000E+00,0.000000E+00,0.000000E+00,0.000000E+00,0.000000E+00,0.000000E+00,2.220110E+01,3.455307E+01,2.389798E+01,5.520941E+01
19:00:00,6.306064E+02,1.538319E+03,2.240944E-02,1.521388E-01,0.000000E+00,0.000000E+00,0.000000E+00,0.000000E+00,0.000000E+00,0.000000E+00,0.000000E+00,0.000000E+00,2.220104E+01,3.182751E+01,2.389836E+01,5.132834E+01,2.873044E+02,6.606548E+02,1.020973E-02,6.533774E-02,0.000000E+00,0.000000E+00,0.000000E+00,0.000000E+00,0.000000E+00,0.000000E+00,0.000000E+00,0.000000E+00,2.220101E+01,3.159395E+01,2.389842E+01,5.152157E+01,6.364026E+02,1.467519E+03,2.261543E-02,1.451364E-01,0.000000E+00,0.000000E+00,0.000000E+00,0.000000E+00,0.000000E+00,0.000000E+00,0.000000E+00,0.000000E+00,2.220106E+01,3.177440E+01,2.389836E+01,5.150148E+01,2.873044E+02,1.315505E+03,1.020973E-02,1.300955E-01,0.000000E+00,0.000000E+00,0.000000E+00,0.000000E+00,0.000000E+00,0.000000E+00,0.000000E+00,0.000000E+00,2.220101E+01,3.159395E+01,2.389898E+01,4.944067E+01,7.920483E+02,1.348907E+03,2.814655E-02,1.334097E-01,0.000000E+00,0.000000E+00,0.000000E+00,0.000000E+00,0.000000E+00,0.000000E+00,0.000000E+00,0.000000E+00,2.220110E+01,3.455307E+01,2.389814E+01,5.514024E+01
19:15:00,6.306064E+02,1.338849E+03,2.240944E-02,1.324067E-01,0.000000E+00,0.000000E+00,0.000000E+00,0.000000E+00,0.000000E+00,0.000000E+00,0.000000E+00,0.000000E+00,2.220104E+01,3.182751E+01,2.389853E+01,5.133854E+01,2.873044E+02,5.721591E+02,1.020973E-02,5.658374E-02,0.000000E+00,0.000000E+00,0.000000E+00,0.000000E+00,0.000000E+00,0.000000E+00,0.000000E+00,0.000000E+00,2.220101E+01,3.159395E+01,2.389858E+01,5.154314E+01,6.364026E+02,1.274282E+03,2.261543E-02,1.260211E-01,0.000000E+00,0.000000E+00,0.000000E+00,0.000000E+00,0.000000E+00,0.000000E+00,0.000000E+00,0.000000E+00,2.220106E+01,3.177440E+01,2.389853E+01,5.151314E+01,2.873044E+02,1.062337E+03,1.020973E-02,1.050552E-01,0.000000E+00,0.000000E+00,0.000000E+00,0.000000E+00,0.000000E+00,0.000000E+00,0.000000E+00,0.000000E+00,2.220101E+01,3.159395E+01,2.389909E+01,4.969770E+01,7.920483E+02,1.108184E+03,2.814655E-02,1.095966E-01,0.000000E+00,0.000000E+00,0.000000E+00,0.000000E+00,0.000000E+00,0.000000E+00,0.000000E+00,0.000000E+00,2.220110E+01,3.455307E+01,2.389826E+01,5.517295E+01
19:30:00,6.306064E+02,1.150403E+03,2.240944E-02,1.137663E-01,0.000000E+00,0.000000E+00,0.000000E+00,0.000000E+00,0.000000E+00,0.000000E+00,0.000000E+00,0.000000E+00,2.220104E+01,3.182751E+01,2.389922E+01,5.067785E+01,2.873044E+02,4.874639E+02,1.020973E-02,4.820630E-02,0.000000E+00,0.000000E+00,0.000000E+00,0.000000E+00,0.000000E+00,0.000000E+00,0.000000E+00,0.000000E+00,2.220101E+01,3.159395E+01,2.389927E+01,5.087129E+01,6.364026E+02,1.089672E+03,2.261543E-02,1.077604E-01,0.000000E+00,0.000000E+00,0.000000E+00,0.000000E+00,0.000000E+00,0.000000E+00,0.000000E+00,0.000000E+00,2.220106E+01,3.177440E+01,2.389924E+01,5.085909E+01,2.873044E+02,8.712791E+02,1.020973E-02,8.615875E-02,0.000000E+00,0.000000E+00,0.000000E+00,0.000000E+00,0.000000E+00,0.000000E+00,0.000000E+00,0.000000E+00,2.220101E+01,3.159395E+01,2.389931E+01,4.920136E+01,7.920483E+02,8.646147E+02,2.814655E-02,8.550582E-02,0.000000E+00,0.000000E+00,0.000000E+00,0.000000E+00,0.000000E+00,0.000000E+00,0.000000E+00,0.000000E+00,2.220110E+01,3.455307E+01,2.389944E+01,5.474602E+01
19:45:00,6.306064E+02,9.662356E+02,2.240944E-02,9.555013E-02,0.000000E+00,0.000000E+00,0.000000E+00,0.000000E+00,0.000000E+00,0.000000E+00,0.000000E+00,0.000000E+00,2.220104E+01,3.182751E+01,2.389959E+01,5.010222E+01,2.873044E+02,4.045984E+02,1.020973E-02,4.001020E-02,0.000000E+00,0.000000E+00,0.000000E+00,0.000000E+00,0.000000E+00,0.000000E+00,0.000000E+00,0.000000E+00,2.220101E+01,3.159395E+01,2.389961E+01,5.028387E+01,6.364026E+02,9.093966E+02,2.261543E-02,8.992940E-02,0.000000E+00,0.000000E+00,0.000000E+00,0.000000E+00,0.000000E+00,0.000000E+00,0.000000E+00,0.000000E+00,2.220106E+01,3.177440E+01,2.389959E+01,5.028557E+01,2.873044E+02,7.117211E+02,1.020973E-02,7.037869E-02,0.000000E+00,0.000000E+00,0.000000E+00,0.000000E+00,0.000000E+00,0.000000E+00,0.000000E+00,0.000000E+00,2.220101E+01,3.159395E+01,2.389968E+01,4.874171E+01,7.920483E+02,6.202792E+02,2.814655E-02,6.134027E-02,0.000000E+00,0.000000E+00,0.000000E+00,0.000000E+00,0.000000E+00,0.000000E+00,0.000000E+00,0.000000E+00,2.220110E+01,3.455307E+01,2.389970E+01,5.435913E+01
20:00:00,6.306064E+02,7.857822E+02,2.240944E-02,7.770218E-02,0.000000E+00,0.000000E+00,0.000000E+00,0.000000E+00,0.000000E+00,0.000000E+00,0.000000E+00,0.000000E+00,2.220104E+01,3.182751E+01,2.389973E+01,4.955965E+01,2.873044E+02,3.231623E+02,1.020973E-02,3.195587E-02,0.000000E+00,0.000000E+00,0.000000E+00,0.000000E+00,0.000000E+00,0.000000E+00,0.000000E+00,0.000000E+00,2.220101E+01,3.159395E+01,2.389974E+01,4.972891E+01,6.364026E+02,7.326453E+02,2.261543E-02,7.244774E-02,0.000000E+00,0.000000E+00,0.000000E+00,0.000000E+00,0.000000E+00,0.000000E+00,0.000000E+00,0.000000E+00,2.220106E+01,3.177440E+01,2.389973E+01,4.973929E+01,2.873044E+02,5.759271E+02,1.020973E-02,5.694939E-02,0.000000E+00,0.000000E+00,0.000000E+00,0.000000E+00,0.000000E+00,0.000000E+00,0.000000E+00,0.000000E+00,2.220101E+01,3.159395E+01,2.389984E+01,4.835807E+01,7.920483E+02,3.755966E+02,2.814655E-02,3.714115E-02,0.000000E+00,0.000000E+00,0.000000E+00,0.000000E+00,0.000000E+00,0.000000E+00,0.000000E+00,0.000000E+00,2.220110E+01,3.455307E+01,2.389978E+01,5.397261E+01
20:15:00,6.306064E+02,6.465931E+02,2.240944E-02,6.393634E-02,0.000000E+00,0.000000E+00,0.000000E+00,0.000000E+00,0.000000E+00,0.000000E+00,0.000000E+00,0.000000E+00,2.220104E+01,3.182751E+01,2.389978E+01,4.920692E+01,2.873044E+02,2.614779E+02,1.020973E-02,2.585538E-02,0.000000E+00,0.000000E+00,0.000000E+00,0.000000E+00,0.000000E+00,0.000000E+00,0.000000E+00,0.000000E+00,2.220101E+01,3.159395E+01,2.389978E+01,4.936719E+01,6.364026E+02,5.969644E+02,2.261543E-02,5.902897E-02,0.000000E+00,0.000000E+00,0.000000E+00,0.000000E+00,0.000000E+00,0.000000E+00,0.000000E+00,0.000000E+00,2.220106E+01,3.177440E+01,2.389977E+01,4.937962E+01,2.873044E+02,4.688650E+02,1.020973E-02,4.636184E-02,0.000000E+00,0.000000E+00,0.000000E+00,0.000000E+00,0.000000E+00,0.000000E+00,0.000000E+00,0.000000E+00,2.220101E+01,3.159395E+01,2.389988E+01,4.815070E+01,7.920483E+02,2.468320E+02,2.814655E-02,2.440702E-02,0.000000E+00,0.000000E+00,0.000000E+00,0.000000E+00,0.000000E+00,0.000000E+00,0.000000E+00,0.000000E+00,2.220110E+01,3.455307E+01,2.389981E+01,5.370671E+01
20:30:00,6.306064E+02,5.198976E+02,2.240944E-02,5.140758E-02,0.000000E+00,0.000000E+00,0.000000E+00,0.000000E+00,0.000000E+00,0.000000E+00,0.000000E+00,0.000000E+00,2.220104E+01,3.182751E+01,2.389983E+01,4.903778E+01,2.873044E+02,2.055449E+02,1.020973E-02,2.032431E-02,0.000000E+00,0.000000E+00,0.000000E+00,0.000000E+00,0.000000E+00,0.000000E+00,0.000000E+00,0.000000E+00,2.220101E+01,3.159395E+01,2.389985E+01,4.919815E+01,6.364026E+02,4.734706E+02,2.261543E-02,4.681689E-02,0.000000E+00,0.000000E+00,0.000000E+00,0.000000E+00,0.000000E+00,0.000000E+00,0.000000E+00,0.000000E+00,2.220106E+01,3.177440E+01,2.389983E+01,4.920956E+01,2.873044E+02,3.758147E+02,1.020973E-02,3.716028E-02,0.000000E+00,0.000000E+00,0.000000E+00,0.000000E+00,0.000000E+00,0.000000E+00,0.000000E+00,0.000000E+00,2.220101E+01,3.159395E+01,2.389990E+01,4.806099E+01,7.920483E+02,1.447782E+02,2.814655E-02,1.431565E-02,0.000000E+00,0.000000E+00,0.000000E+00,0.000000E+00,0.000000E+00,0.000000E+00,0.000000E+00,0.000000E+00,2.220110E+01,3.455307E+01,2.378651E+01,5.401518E+01
20:45:00,6.306064E+02,4.020376E+02,2.240944E-02,3.975324E-02,0.000000E+00,0.000000E+00,0.000000E+00,0.000000E+00,0.000000E+00,0.000000E+00,0.000000E+00,0.000000E+00,2.220104E+01,3.182751E+01,2.389987E+01,4.888132E+01,2.873044E+02,1.536774E+02,1.020973E-02,1.519551E-02,0.000000E+00,0.000000E+00,0.000000E+00,0.000000E+00,0.000000E+00,0.000000E+00,0.000000E+00,0.000000E+00,2.220101E+01,3.159395E+01,2.389989E+01,4.904506E+01,6.364026E+02,3.584596E+02,2.261543E-02,3.544428E-02,0.000000E+00,0.000000E+00,0.000000E+00,0.000000E+00,0.000000E+00,0.000000E+00,0.000000E+00,0.000000E+00,2.220106E+01,3.177440E+01,2.389988E+01,4.905352E+01,2.873044E+02,2.935581E+02,1.020973E-02,2.902657E-02,0.000000E+00,0.000000E+00,0.000000E+00,0.000000E+00,0.000000E+00,0.000000E+00,0.000000E+00,0.000000E+00,2.220101E+01,3.159395E+01,2.389993E+01,4.798517E+01,7.920483E+02,6.385112E+01,2.814655E-02,6.313564E-03,0.000000E+00,0.000000E+00,0.000000E+00,0.000000E+00,0.000000E+00,0.000000E+00,0.000000E+00,0.000000E+00,2.220110E+01,3.455307E+01,2.370562E+01,5.425570E+01
21:00:00,6.306064E+02,2.907660E+02,2.240944E-02,2.875062E-02,0.000000E+00,0.000000E+00,0.000000E+00,0.000000E+00,0.000000E+00,0.000000E+00,0.000000E+00,0.000000E+00,2.220104E+01,3.182751E+01,2.389991E+01,4.877547E+01,2.873044E+02,1.048202E+02,1.020973E-02,1.036449E-02,0.000000E+00,0.000000E+00,0.000000E+00,0.000000E+00,0.000000E+00,0.000000E+00,0.000000E+00,0.000000E+00,2.220101E+01,3.159395E+01,2.389992E+01,4.894545E+01,6.364026E+02,2.496824E+02,2.261543E-02,2.468833E-02,0.000000E+00,0.000000E+00,0.000000E+00,0.000000E+00,0.000000E+00,0.000000E+00,0.000000E+00,0.000000E+00,2.220106E+01,3.177440E+01,2.389991E+01,4.894983E+01,2.873044E+02,2.198199E+02,1.020973E-02,2.173538E-02,0.000000E+00,0.000000E+00,0.000000E+00,0.000000E+00,0.000000E+00,0.000000E+00,0.000000E+00,0.000000E+00,2.220101E+01,3.159395E+01,2.389996E+01,4.793700E+01,7.920483E+02,0.000000E+00,2.814655E-02,0.000000E+00,0.000000E+00,0.000000E+00,0.000000E+00,0.000000E+00,0.000000E+00,0.000000E+00,0.000000E+00,0.000000E+00,2.220110E+01,3.455307E+01,2.364829E+01,5.445221E+01
21:15:00,6.306064E+02,2.312292E+02,2.240944E-02,2.286360E-02,0.000000E+00,0.000000E+00,0.000000E+00,0.000000E+00,0.000000E+00,0.000000E+00,0.000000E+00,0.000000E+00,2.220104E+01,3.182751E+01,2.389993E+01,4.869591E+01,2.873044E+02,7.835149E+01,1.020973E-02,7.747269E-03,0.000000E+00,0.000000E+00,0.000000E+00,0.000000E+00,0.000000E+00,0.000000E+00,0.000000E+00,0.000000E+00,2.220101E+01,3.159395E+01,2.389994E+01,4.887364E+01,6.364026E+02,1.923101E+02,2.261543E-02,1.901533E-02,0.000000E+00,0.000000E+00,0.000000E+00,0.000000E+00,0.000000E+00,0.000000E+00,0.000000E+00,0.000000E+00,2.220106E+01,3.177440E+01,2.389993E+01,4.887322E+01,2.873044E+02,1.729764E+02,1.020973E-02,1.710355E-02,0.000000E+00,0.000000E+00,0.000000E+00,0.000000E+00,0.000000E+00,0.000000E+00,0.000000E+00,0.000000E+00,2.220101E+01,3.159395E+01,2.389997E+01,4.790224E+01,7.920483E+02,0.000000E+00,2.814655E-02,0.000000E+00,0.000000E+00,0.000000E+00,0.000000E+00,0.000000E+00,0.000000E+00,0.000000E+00,0.000000E+00,0.000000E+00,2.220110E+01,3.455307E+01,2.359024E+01,5.465289E+01
21:30:00,6.306064E+02,1.732620E+02,2.240944E-02,1.713183E-02,0.000000E+00,0.000000E+00,0.000000E+00,0.000000E+00,0.000000E+00,0.000000E+00,0.000000E+00,0.000000E+00,2.220104E+01,3.182751E+01,2.389996E+01,4.863978E+01,2.873044E+02,5.255522E+01,1.020973E-02,5.196561E-03,0.000000E+00,0.000000E+00,0.000000E+00,0.000000E+00,0.000000E+00,0.000000E+00,0.000000E+00,0.000000E+00,2.220101E+01,3.159395E+01,2.389997E+01,4.882798E+01,6.364026E+02,1.362211E+02,2.261543E-02,1.346930E-02,0.000000E+00,0.000000E+00,0.000000E+00,0.000000E+00,0.000000E+00,0.000000E+00,0.000000E+00,0.000000E+00,2.220106E+01,3.177440E+01,2.389996E+01,4.882186E+01,2.873044E+02,1.304828E+02,1.020973E-02,1.290184E-02,0.000000E+00,0.000000E+00,0.000000E+00,0.000000E+00,0.000000E+00,0.000000E+00,0.000000E+00,0.000000E+00,2.220101E+01,3.159395E+01,2.389998E+01,4.787770E+01,7.920483E+02,0.000000E+00,2.814655E-02,0.000000E+00,0.000000E+00,0.000000E+00,0.000000E+00,0.000000E+00,0.000000E+00,0.000000E+00,0.000000E+00,0.000000E+00,2.220110E+01,3.455307E+01,2.349717E+01,5.496507E+01
21:45:00,6.306064E+02,1.168350E+02,2.240944E-02,1.155241E-02,0.000000E+00,0.000000E+00,0.000000E+00,0.000000E+00,0.000000E+00,0.000000E+00,0.000000E+00,0.000000E+00,2.220104E+01,3.182751E+01,2.389998E+01,4.860416E+01,2.873044E+02,2.967894E+01,1.020973E-02,2.934593E-03,0.000000E+00,0.000000E+00,0.000000E+00,0.000000E+00,0.000000E+00,0.000000E+00,0.000000E+00,0.000000E+00,2.220101E+01,3.159395E+01,2.389999E+01,4.880615E+01,6.364026E+02,8.143337E+01,2.261543E-02,8.051970E-03,0.000000E+00,0.000000E+00,0.000000E+00,0.000000E+00,0.000000E+00,0.000000E+00,0.000000E+00,0.000000E+00,2.220106E+01,3.177440E+01,2.389998E+01,4.879317E+01,2.873044E+02,9.163946E+01,1.020973E-02,9.061088E-03,0.000000E+00,0.000000E+00,0.000000E+00,0.000000E+00,0.000000E+00,0.000000E+00,0.000000E+00,0.000000E+00,2.220101E+01,3.159395E+01,2.389999E+01,4.786155E+01,7.920483E+02,0.000000E+00,2.814655E-02,0.000000E+00,0.000000E+00,0.000000E+00,0.000000E+00,0.000000E+00,0.000000E+00,0.000000E+00,0.000000E+00,0.000000E+00,2.220110E+01,3.455307E+01,2.334568E+01,5.547097E+01
22:00:00,6.306064E+02,6.355028E+01,2.240944E-02,6.283713E-03,0.000000E+00,0.000000E+00,0.000000E+00,0.000000E+00,0.000000E+00,0.000000E+00,0.000000E+00,0.000000E+00,2.220104E+01,3.182751E+01,2.389999E+01,4.858563E+01,2.873044E+02,1.207484E+01,1.020973E-02,1.193933E-03,0.000000E+00,0.000000E+00,0.000000E+00,0.000000E+00,0.000000E+00,0.000000E+00,0.000000E+00,0.000000E+00,2.220101E+01,3.159395E+01,2.388420E+01,4.884693E+01,6.364026E+02,3.757388E+01,2.261543E-02,3.715223E-03,0.000000E+00,0.000000E+00,0.000000E+00,0.000000E+00,0.000000E+00,0.000000E+00,0.000000E+00,0.000000E+00,2.220106E+01,3.177440E+01,2.390000E+01,4.878381E+01,2.873044E+02,5.579299E+01,1.020973E-02,5.516670E-03,0.000000E+00,0.000000E+00,0.000000E+00,0.000000E+00,0.000000E+00,0.000000E+00,0.000000E+00,0.000000E+00,2.220101E+01,3.159395E+01,2.389999E+01,4.785211E+01,7.920483E+02,0.000000E+00,2.814655E-02,0.000000E+00,0.000000E+00,0.000000E+00,0.000000E+00,0.000000E+00,0.000000E+00,0.000000E+00,0.000000E+00,0.000000E+00,2.220110E+01,3.455307E+01,2.320302E+01,5.595094E+01
22:15:00,6.306064E+02,2.939831E+01,2.240944E-02,2.906835E-03,0.000000E+00,0.000000E+00,0.000000E+00,0.000000E+00,0.000000E+00,0.000000E+00,0.000000E+00,0.000000E+00,2.220104E+01,3.182751E+01,2.389398E+01,4.859790E+01,2.873044E+02,2.987120E+00,1.020973E-02,2.953591E-04,0.000000E+00,0.000000E+00,0.000000E+00,0.000000E+00,0.000000E+00,0.000000E+00,0.000000E+00,0.000000E+00,2.220101E+01,3.159395E+01,2.385035E+01,4.894689E+01,6.364026E+02,1.244095E+01,2.261543E-02,1.230131E-03,0.000000E+00,0.000000E+00,0.000000E+00,0.000000E+00,0.000000E+00,0.000000E+00,0.000000E+00,0.000000E+00,2.220106E+01,3.177440E+01,2.386788E+01,4.887737E+01,2.873044E+02,2.943396E+01,1.020973E-02,2.910353E-03,0.000000E+00,0.000000E+00,0.000000E+00,0.000000E+00,0.000000E+00,0.000000E+00,0.000000E+00,0.000000E+00,2.220101E+01,3.159395E+01,2.390000E+01,4.784802E+01,7.920483E+02,0.000000E+00,2.814655E-02,0.000000E+00,0.000000E+00,0.000000E+00,0.000000E+00,0.000000E+00,0.000000E+00,0.000000E+00,0.000000E+00,0.000000E+00,2.220110E+01,3.455307E+01,2.309388E+01,5.632109E+01
22:30:00,6.306064E+02,8.818543E+00,2.240944E-02,8.719555E-04,0.000000E+00,0.000000E+00,0.000000E+00,0.000000E+00,0.000000E+00,0.000000E+00,0.000000E+00,0.000000E+00,2.220104E+01,3.182751E+01,2.387112E+01,4.866474E+01,2.873044E+02,0.000000E+00,1.020973E-02,0.000000E+00,0.000000E+00,0.000000E+00,0.000000E+00,0.000000E+00,0.000000E+00,0.000000E+00,0.000000E+00,0.000000E+00,2.220101E+01,3.159395E+01,2.379852E+01,4.910100E+01,6.364026E+02,5.116742E-01,2.261543E-02,5.059303E-05,0.000000E+00,0.000000E+00,0.000000E+00,0.000000E+00,0.000000E+00,0.000000E+00,0.000000E+00,0.000000E+00,2.220106E+01,3.177440E+01,2.382327E+01,4.900993E+01,2.873044E+02,1.220331E+01,1.020973E-02,1.206632E-03,0.000000E+00,0.000000E+00,0.000000E+00,0.000000E+00,0.000000E+00,0.000000E+00,0.000000E+00,0.000000E+00,2.220101E+01,3.159395E+01,2.387813E+01,4.791009E+01,7.920483E+02,0.000000E+00,2.814655E-02,0.000000E+00,0.000000E+00,0.000000E+00,0.000000E+00,0.000000E+00,0.000000E+00,0.000000E+00,0.000000E+00,0.000000E+00,2.220110E+01,3.455307E+01,2.300947E+01,5.660933E+01
22:45:00,6.306064E+02,0.000000E+00,2.240944E-02,0.000000E+00,0.000000E+00,0.000000E+00,0.000000E+00,0.000000E+00,0.000000E+00,0.000000E+00,0.000000E+00,0.000000E+00,2.220104E+01,3.182751E+01,2.382518E+01,4.880032E+01,2.873044E+02,0.000000E+00,1.020973E-02,0.000000E+00,0.000000E+00,0.000000E+00,0.000000E+00,0.000000E+00,0.000000E+00,0.000000E+00,0.000000E+00,0.000000E+00,2.220101E+01,3.159395E+01,2.373806E+01,4.928070E+01,6.364026E+02,0.000000E+00,2.261543E-02,0.000000E+00,0.000000E+00,0.000000E+00,0.000000E+00,0.000000E+00,0.000000E+00,0.000000E+00,0.000000E+00,0.000000E+00,2.220106E+01,3.177440E+01,2.376799E+01,4.917412E+01,2.873044E+02,2.715559E+00,1.020973E-02,2.685072E-04,0.000000E+00,0.000000E+00,0.000000E+00,0.000000E+00,0.000000E+00,0.000000E+00,0.000000E+00,0.000000E+00,2.220101E+01,3.159395E+01,2.383576E+01,4.803249E+01,7.920483E+02,0.000000E+00,2.814655E-02,0.000000E+00,0.000000E+00,0.000000E+00,0.000000E+00,0.000000E+00,0.000000E+00,0.000000E+00,0.000000E+00,0.000000E+00,2.220110E+01,3.455307E+01,2.293694E+01,5.685840E+01
23:00:00,6.306064E+02,0.000000E+00,2.240944E-02,0.000000E+00,0.000000E+00,0.000000E+00,0.000000E+00,0.000000E+00,0.000000E+00,0.000000E+00,0.000000E+00,0.000000E+00,2.220104E+01,3.182751E+01,2.376626E+01,4.897425E+01,2.873044E+02,0.000000E+00,1.020973E-02,0.000000E+00,0.000000E+00,0.000000E+00,0.000000E+00,0.000000E+00,0.000000E+00,0.000000E+00,0.000000E+00,0.000000E+00,2.220101E+01,3.159395E+01,2.367551E+01,4.946688E+01,6.364026E+02,0.000000E+00,2.261543E-02,0.000000E+00,0.000000E+00,0.000000E+00,0.000000E+00,0.000000E+00,0.000000E+00,0.000000E+00,0.000000E+00,0.000000E+00,2.220106E+01,3.177440E+01,2.370598E+01,4.935837E+01,2.873044E+02,0.000000E+00,1.020973E-02,0.000000E+00,0.000000E+00,0.000000E+00,0.000000E+00,0.000000E+00,0.000000E+00,0.000000E+00,0.000000E+00,0.000000E+00,2.220101E+01,3.159395E+01,2.377484E+01,4.820913E+01,7.920483E+02,0.000000E+00,2.814655E-02,0.000000E+00,0.000000E+00,0.000000E+00,0.000000E+00,0.000000E+00,0.000000E+00,0.000000E+00,0.000000E+00,0.000000E+00,2.220110E+01,3.455307E+01,2.287005E+01,5.708926E+01
23:15:00,6.306064E+02,0.000000E+00,2.240944E-02,0.000000E+00,0.000000E+00,0.000000E+00,0.000000E+00,0.000000E+00,0.000000E+00,0.000000E+00,0.000000E+00,0.000000E+00,2.220104E+01,3.182751E+01,2.370351E+01,4.915979E+01,2.873044E+02,0.000000E+00,1.020973E-02,0.000000E+00,0.000000E+00,0.000000E+00,0.000000E+00,0.000000E+00,0.000000E+00,0.000000E+00,0.000000E+00,0.000000E+00,2.220101E+01,3.159395E+01,2.361277E+01,4.965418E+01,6.364026E+02,0.000000E+00,2.261543E-02,0.000000E+00,0.000000E+00,0.000000E+00,0.000000E+00,0.000000E+00,0.000000E+00,0.000000E+00,0.000000E+00,0.000000E+00,2.220106E+01,3.177440E+01,2.364135E+01,4.955091E+01,2.873044E+02,0.000000E+00,1.020973E-02,0.000000E+00,0.000000E+00,0.000000E+00,0.000000E+00,0.000000E+00,0.000000E+00,0.000000E+00,0.000000E+00,0.000000E+00,2.220101E+01,3.159395E+01,2.370543E+01,4.841111E+01,7.920483E+02,0.000000E+00,2.814655E-02,0.000000E+00,0.000000E+00,0.000000E+00,0.000000E+00,0.000000E+00,0.000000E+00,0.000000E+00,0.000000E+00,0.000000E+00,2.220110E+01,3.455307E+01,2.280725E+01,5.730698E+01
23:30:00,6.306064E+02,0.000000E+00,2.240944E-02,0.000000E+00,0.000000E+00,0.000000E+00,0.000000E+00,0.000000E+00,0.000000E+00,0.000000E+00,0.000000E+00,0.000000E+00,2.220104E+01,3.182751E+01,2.364026E+01,4.934741E+01,2.873044E+02,0.000000E+00,1.020973E-02,0.000000E+00,0.000000E+00,0.000000E+00,0.000000E+00,0.000000E+00,0.000000E+00,0.000000E+00,0.000000E+00,0.000000E+00,2.220101E+01,3.159395E+01,2.355000E+01,4.984235E+01,6.364026E+02,0.000000E+00,2.261543E-02,0.000000E+00,0.000000E+00,0.000000E+00,0.000000E+00,0.000000E+00,0.000000E+00,0.000000E+00,0.000000E+00,0.000000E+00,2.220106E+01,3.177440E+01,2.357625E+01,4.974562E+01,2.873044E+02,0.000000E+00,1.020973E-02,0.000000E+00,0.000000E+00,0.000000E+00,0.000000E+00,0.000000E+00,0.000000E+00,0.000000E+00,0.000000E+00,0.000000E+00,2.220101E+01,3.159395E+01,2.363435E+01,4.861882E+01,7.920483E+02,0.000000E+00,2.814655E-02,0.000000E+00,0.000000E+00,0.000000E+00,0.000000E+00,0.000000E+00,0.000000E+00,0.000000E+00,0.000000E+00,0.000000E+00,2.220110E+01,3.455307E+01,2.274820E+01,5.751251E+01
23:45:00,6.306064E+02,0.000000E+00,2.240944E-02,0.000000E+00,0.000000E+00,0.000000E+00,0.000000E+00,0.000000E+00,0.000000E+00,0.000000E+00,0.000000E+00,0.000000E+00,2.220104E+01,3.182751E+01,2.357693E+01,4.953605E+01,2.873044E+02,0.000000E+00,1.020973E-02,0.000000E+00,0.000000E+00,0.000000E+00,0.000000E+00,0.000000E+00,0.000000E+00,0.000000E+00,0.000000E+00,0.000000E+00,2.220101E+01,3.159395E+01,2.348731E+01,5.003107E+01,6.364026E+02,0.000000E+00,2.261543E-02,0.000000E+00,0.000000E+00,0.000000E+00,0.000000E+00,0.000000E+00,0.000000E+00,0.000000E+00,0.000000E+00,0.000000E+00,2.220106E+01,3.177440E+01,2.351138E+01,4.994049E+01,2.873044E+02,0.000000E+00,1.020973E-02,0.000000E+00,0.000000E+00,0.000000E+00,0.000000E+00,0.000000E+00,0.000000E+00,0.000000E+00,0.000000E+00,0.000000E+00,2.220101E+01,3.159395E+01,2.356368E+01,4.882628E+01,7.920483E+02,0.000000E+00,2.814655E-02,0.000000E+00,0.000000E+00,0.000000E+00,0.000000E+00,0.000000E+00,0.000000E+00,0.000000E+00,0.000000E+00,0.000000E+00,2.220110E+01,3.455307E+01,2.269248E+01,5.770725E+01
24:00:00,6.306064E+02,0.000000E+00,2.240944E-02,0.000000E+00,0.000000E+00,0.000000E+00,0.000000E+00,0.000000E+00,0.000000E+00,0.000000E+00,0.000000E+00,0.000000E+00,2.220104E+01,3.182751E+01,2.351358E+01,4.972557E+01,2.873044E+02,0.000000E+00,1.020973E-02,0.000000E+00,0.000000E+00,0.000000E+00,0.000000E+00,0.000000E+00,0.000000E+00,0.000000E+00,0.000000E+00,0.000000E+00,2.220101E+01,3.159395E+01,2.342499E+01,5.021948E+01,6.364026E+02,0.000000E+00,2.261543E-02,0.000000E+00,0.000000E+00,0.000000E+00,0.000000E+00,0.000000E+00,0.000000E+00,0.000000E+00,0.000000E+00,0.000000E+00,2.220106E+01,3.177440E+01,2.344699E+01,5.013480E+01,2.873044E+02,0.000000E+00,1.020973E-02,0.000000E+00,0.000000E+00,0.000000E+00,0.000000E+00,0.000000E+00,0.000000E+00,0.000000E+00,0.000000E+00,0.000000E+00,2.220101E+01,3.159395E+01,2.349373E+01,4.903262E+01,7.920483E+02,0.000000E+00,2.814655E-02,0.000000E+00,0.000000E+00,0.000000E+00,0.000000E+00,0.000000E+00,0.000000E+00,0.000000E+00,0.000000E+00,0.000000E+00,2.220110E+01,3.455307E+01,2.263952E+01,5.789302E+01
Peak,6.306064E+02,2.969871E+03,2.240944E-02,2.937355E-01,0.000000E+00,0.000000E+00,0.000000E+00,0.000000E+00,0.000000E+00,0.000000E+00,0.000000E+00,0.000000E+00,,,,,2.873044E+02,1.904085E+03,1.020973E-02,1.883188E-01,0.000000E+00,0.000000E+00,0.000000E+00,0.000000E+00,0.000000E+00,0.000000E+00,0.000000E+00,0.000000E+00,,,,,6.364026E+02,4.337394E+03,2.261543E-02,4.289799E-01,0.000000E+00,0.000000E+00,0.000000E+00,0.000000E+00,0.000000E+00,0.000000E+00,0.000000E+00,0.000000E+00,,,,,2.873044E+02,2.877392E+03,1.020973E-02,2.845797E-01,0.000000E+00,0.000000E+00,0.000000E+00,0.000000E+00,0.000000E+00,0.000000E+00,0.000000E+00,0.000000E+00,,,,,7.920483E+02,2.828581E+03,2.814655E-02,2.797683E-01,0.000000E+00,0.000000E+00,0.000000E+00,0.000000E+00,0.000000E+00,0.000000E+00,0.000000E+00,0.000000E+00,,,,

Peak Vol Flow (m3/s),,,1.864306E-02,2.443670E-01,,,0.000000E+00,0.000000E+00,,,,,,,,,,,8.493769E-03,1.566679E-01,,,0.000000E+00,0.000000E+00,,,,,,,,,,,1.881442E-02,3.568808E-01,,,0.000000E+00,0.000000E+00,,,,,,,,,,,8.493769E-03,2.367500E-01,,,0.000000E+00,0.000000E+00,,,,,,,,,,,2.341593E-02,2.327473E-01,,,0.000000E+00,0.000000E+00,,,,,,,,
